movie_id,movie_title,release_year,director,actor
1,Patala Bhairavi,1951,K. V. Reddy,"sr_ntr, s_v_ranagarao, relangi"
2,Mayabazar,1957,K. V. Reddy,"sr_ntr, nageswara_rao_akkineni, savitri, relangi, s_v_ranagarao"
3,Daana Veera Soora Karna,1977,N. T. Rama Rao,"sr_ntr, Hari krishna, gummadi, nandamuri_balakrishna"
4,Lava Kusa,1963,"C. S. Rao, C. Pullayya","sr_ntr, Anjali Devi, Nagayya, Sobhan Babu, Kanta Rao"
5,Gundamma Katha,1962,Kamalakara Kameswara Rao,"sr_ntr, nageswara_rao_akkineni, savitri, relangi, s_v_ranagarao, jamuna, Surya Kantham"
6,Sri krishna Pandaveeyam,1966,N. T. Rama Rao,"sr_ntr, Shobhan Babu, savitri, Kantha Rao, S. V. Ranaga Rao"
7,Nartanasala,1963,Kamalakara Kameswara Rao,"sr_ntr, savitri, s_v_ranagarao, relangi"
8,Bhookailas,1958,K. Shankar,"sr_ntr, nageswara_rao_akkineni, jamuna, s_v_ranagarao"
9,Adavi Ramudu,1977,K. Raghavendra Rao,"sr_ntr, jaya_prada, jaya_sudha, gummadi, Mallikarjuna Rao"
10,Badi Panthulu,1972,P. Chandrasekhara Reddy,"sr_ntr, krishnam Raju, allu_ramalingaigh, sri_devi"
11,Ramudu Bheemudu,1964,Tapi Chanakya,"sr_ntr, jamuna, s_v_ranagarao, relangi"
12,Driver Ramudu,1979,K. Raghavendra Rao,"sr_ntr,jaya_sudha, mohan_babu, allu_ramalingaiah"
13,Vetagadu,1979,K. Raghavendra Rao,"sr_ntr, sri_devi, allu_ramalingaiah, Rao Goapl Rao,"
14,Bobbili Puli,1982,Dasari Narayana Rao,"sr_ntr, sri_devi, allu_ramalingaiah, Rao Goapl Rao,"
15,Kondaveeti Simham,1981,K. Raghavendra Rao,"sr_ntr, sri_devi, allu_ramalingaiah, Rao Gopal Rao, mohan_babu, Chalapathi Rao"
16,Devadasu,1953,Vedantam Raghavaiah,"nageswara_rao_akkineni, savitri, Lalitha, s_v_ranagarao"
17,Missamma,1955,L. V. Prasad,"nageswara_rao_akkineni, sr_ntr, savitri, jamuna, s_v_ranagarao, relangi, allu_ramalingaiah"
18,Mooga Manasulu,1964,Adurthi Subba Rao,"nageswara_rao_akkineni, savitri, jamuna, s_v_ranagarao, allu_ramalingaiah"
19,Prem Nagar,1971,K. S. Prakash Rao,"nageswara_rao_akkineni, Vani sri, s_v_ranagarao, gummadi, satya narayana"
20,Mayabazar,1957,K. V. Reddy,"nageswara_rao_akkineni, sr_ntr, savitri, relangi, s_v_ranagarao"
21,Gundamma Katha,1962,Kamalakara Kameswara Rao,"nageswara_rao_akkineni, sr_ntr, savitri, relangi, s_v_ranagarao"
22,Sudigundalu,1967,Adurthi Subba Rao,"nageswara_rao_akkineni, savitri, gummadi, s_v_ranagarao"
23,Balaraju,1961,Ghantasala Balaramayya,"nageswara_rao_akkineni, Anjali Devi, "
24,Dasara Bullodu,1971,B. A. Subba Rao,"nageswara_rao_akkinenim, Vani Sri, s_v_ranagarao, Anjali Devi"
25,Meghasandesam,1982,Dasari Narayana Rao,"nageswara_rao_akkineni, jaya_sudha, jaya_prada"
26,Dr. Chakravarthy,1964,P. Pullaiah,"nageswara_rao_akkineni, savitri, jamuna, s_v_ranagarao, allu_ramalingaiah"
27,Samsaram,1950,L. V. Prasad,"nageswara_rao_akkineni, sr_ntr, relangi"
28,Tenali Ramakrishna,1956,B. N. Reddy,"nageswara_rao_akkineni, sr_ntr, savitri, jamuna, s_v_ranagarao, relangi, allu_ramalingaiah"
29,Aradhana,1962,V.Madhusudhan rao,"nageswara_rao_akkineni, savitri, relangi, s_v_ranagarao, gummadi"
30,Aha Naa Pellanta,1987,Jandhyala,"rajendra_prasad, Kota Srinivasarao, Rajni, brahmanandham, babu_mohan, gundu_hanumantha_rao"
31,Ladies Tailor,1985,Vamsy,"rajendra_prasad, Archana, Tanikella Bharani, prudhvi_raj, Mallikarjunarao"
32,April 1 Vidudala,1991,Vamsy,"rajendra_prasad, krishna_bhagavan, Shobhana, Rallapalli"
33,Edurinti Mogudu Pakkinti Pellam,1991,relangi Narasimha Rao,"rajendra_prasad, Divya Vani, babu_mohan, Mallikarjun Rao"
34,Appula Apparao,1992,E. V. V. satyanarayana,"rajendra_prasad, Shobhana, brahmanandham, babu_mohan, ali, Tanikella Bharani, "
35,Rajendrudu Gajendrudu,1993,K. Raghavendra Rao,"rajendra_prasad, soundarya, Kota Srinivasarao, ali, babu_mohan, gundu_hanumantha_rao, brahmanandham"
36,Pelli Pustakam,1991,Bapu,"rajendra_prasad, Divya Vani, babu_mohan, Mallikarjun Rao, Subhalekha Sudhakar"
37,Madana Gopaludu,1987,P S krishna Mohan Reddy,"rajendra_prasad, ramya_krishnan, gollapudi_maruthi_rao, brahmanandam,"
38,Aa Naluguru,2004,Chandra siddhartha,"rajendra_prasad, Aamani, kota_srinivasa_rao, Raja, raghu_babu, Chalapathi Rao"
39,Onamalu,2012,Chandra siddhartha,"rajendra_prasad, Kalyani, Chalapathi Rao, Giribabu, raghu_babu, Kondavalasa"
40,Mee Sreyobhilashi,2007,V. Eshwar Reddy,"rajendra_prasad, Naresh, Nassar, brahmanandam, krishna_bhagavan, raghu_babu, Chitram Sreenu"
41,Julayi,2012,Trivikram Srinivas,"rajendra_prasad, allu_arjun, Iliyana, ali, brahmanandam, M.S.Narauana"
42,Aa Okkati Adakku,1992,E. V. V. satyanarayana,"rajendra_prasad, Ramba, Rao Gopal Rao, babu_mohan, allu_ramalingaiaha, brahmanandham"
43,Chettu Kinda Pledaer,1989,Vamsy,"rajendra_prasad, Oorvasi, babu_mohan, gollapudi_maruthi_rao, krishna_bhagavan, Sarath BAbu"
44,Khaidi,1983,A. Kodandarami Reddy,"chiranjeevi, Madhavi, Rao Gopal Rao, Chalapathi Rao, Sumalatha"
45,Sye Raa Narasimha Reddy,2019,Surender Reddy,"chiranjeevi, jagapathi_babu, tamannaah_bhatia, anushka_shetty, nayanthara, Kiccha Sudeep"
46,Indra,2002,B. Gopal,"chiranjeevi, brahmanandam, Sonali Bindre, Aarthi Agrawal, prakash_raj, Shivaji"
47,Shankar Dada MBBS,2004,Jayanth C. Paranjee,"chiranjeevi, srikanth, Sonali Bindrey, ali, venu_madhav, vaishnav_tej_panja"
48,Choodalani Undi,1998,Guna Sekhar,"chiranjeevi, soundarya, prakash_raj, brahmaji, teja_sajja, Anjali Zaveri, brahmanandham"
49,Abhilasha,1983,A. Kodandarami Reddy,"chiranjeevi, Radhika, Rao Gopal Rao, Rallapalli, Gollapudi, ali"
50,Chantabbai,1986,Jandhyala,"chiranjeevi,suhasini"
51,Rudra Veena,1988,K. Viswanath,"chiranjeevi, Shobhana, Gemini Ganeshan, brahmanandam"
52,Gharana Mogudu,1992,K. Raghavendra Rao,"chiranjeevi, Nagma, Rao Gopal Rao, brahmanandam, Aahuthi Prasad, ali"
53,Challange,1984,A. Kodandarami Reddy,"chiranjeevi, vijayshanthi, Rao Gopal Rao, suhashini, Allu Aravind, brahmanandham"
54,Tagore,2003,V. V. Vinayak,"chiranjeevi, shriya_saran, sunil, teja_sajja, ms_narayana, Jyothika"
55,Jagadeka Veerudu Athiloka Sundari,1990,K. Raghavendra Rao,"chiranjeevi, sri_devi, brahmanandam, Tanikella Bharani, Amresh Puri, allu_ramalingaiah"
56,Vijetha,1985,A. Kodandarami Reddy,"chiranjeevi, allu_arjun, bhanu_priya, allu_ramalingaiah, Giribabu"
57,Swayam Krushi,1987,K. Viswanath,"chiranjeevi, vijayshanthi, Rao Gopal Rao, Sumalatha, Allu Aravind, brahmanandham"
58,Muta Mestri,1994,A. Kodandarami Reddy,"chiranjeevi, Meena, Roja, brahmanandham, Kota Srinivasa Rao"
59,Aditya 369,1991,Singeetham Srinivasarao,"nandamuri_balakrishna, Hema, Tinnu Anand, Tarun, brahmanandham, babu_mohan, Tanikella Bharani"
60,Akhanda,2021,Boyapati Srinu,"nandamuri_balakrishna, Pragya Jaiswal, srikanth, jagapathi_babu"
61,Simha,2010,Boyapati Srinu,"nandamuri_balakrishna, Hema, Tinnu Anand, Tarun, brahmanandham, babu_mohan, Tanikella Bharani"
62,Legend,2014,Boyapati Srinu,"nandamuri_balakrishna, Sonal Chauhan, Radhika Apte, jagapathi_babu"
63,Bhagavanth Kesari,2023,Anil Ravipudi,"nandamuri_balakrishna, sreeleela, kajal_aggarwal, Ravi Shankar, raghu_babu, "
64,Nari Nari Naduma Murari,1990,A. Kodandarami Reddy,"nandamuri_balakrishna, Shobana, Nirosha, satyanarayana, allu_ramalingaiah"
65,Samaraimha Reddy,1999,B. Gopal,"nandamuri_balakrishna, Anjala Zaveri, Simran, Puneet Issar, Mukesh Rishi"
66,Narasimha Naidu,2001,B. Gopal,"nandamuri_balakrishna, Simran, Preeti Jhangiani, Asha Saini, Mukesh Rishi"
67,Palnati Brahma Naidu,2003,B. Gopal,"nandamuri_balakrishna, Sneha, Tabu, Sai Kumar, kota_srinivasa_rao"
68,Lakshmi Narasimha,2004,Jayanth C. Paranjee,"nandamuri_balakrishna, Asin, Arjun, Pradeep Rawat, Mukesh Rishi"
69,Allari Pidugu,2005,Jayanth C. Paranjee,"nandamuri_balakrishna, Katrina Kaif, Charmy Kaur, Mukesh Rishi, Pradeep Rawat"
70,Jai Simha,2018,K. S. Ravi Kumar,"nandamuri_balakrishna, nayanthara, Haripriya, Natasha Doshi"
71,Sri Rama Rajyam,2011,Bapu,"nandamuri_balakrishna, nayanthara, Akkineni Nageswara Rao, srikanth,brahmanandham"
72,N. T. R. Katha nayakudu,2019,Krish Jagarlamudi,"nandamuri_balakrishna, Vidya Balan, rana_daggubati, sumanth"
73,N. T. R. Mahanayakudu,2019,Krish Jagarlamudi,"nandamuri_balakrishna, Vidya Balan, rana_daggubati, Sachin Khedekar"
74,Vikram,1986,V. Madhusudhana Rao,"nagarjuna_akkineni, Amala, satyanarayana, Khushbu"
75,Majnu,1987,Dasari Narayana Rao,"nagarjuna_akkineni, Rajani, Moon Moon Sen, suhasini"
76,Geetanjali,1989,Mani Ratnam,"nagarjuna_akkineni, Girija Shettar, Vijayakumar, suhasini"
77,Siva,1989,Ram Gopal Varma,"nagarjuna_akkineni, Amala, Raghuvaran, Charuhasan"
78,Allari Alludu,1993,A. Kodandarami Reddy,"nagarjuna_akkineni, Meena, Nagma, Vani Viswanath, kota_srinivasa_rao"
79,Hello Brother,1994,E. V. V. satyanarayana,"nagarjuna_akkineni, ramya_krishnan, soundarya, kota_srinivasa_rao,brahmanandham"
80,Ninne Pelladata,1996,Krishna Vamsi,"nagarjuna_akkineni, Tabu, prakash_raj, Sharat Saxena, Tanikella Bharani"
81,Sivamani,2003,Puri Jagannadh,"nagarjuna_akkineni, Seema, Asin, Raghuvaran, prakash_raj"
82,King,2008,Sreenu Vaitla,"nagarjuna_akkineni, trisha_krishnan, Mamta Mohandas, Srihari,brahmanandham"
83,Manam,2014,Vikram K Kumar,"nagarjuna_akkineni, shriya_saran, naga_chaitanya_akkineni, samantha_ruth_prabhu, Akkineni Nageswara Rao"
84,Oopiri,2016,Vamshi Paidipally,"nagarjuna_akkineni, jaya_sudha, Karthi, tamannaah_bhatia, prakash_raj"
85,Devadas,2018,Sriram Adittya,"nagarjuna_akkineni, Aakanksha Singh, nani, rashmika_mandanna, Naresh"
86,Kaliyuga Pandavulu,1986,K. Raghavendra Rao,"venkatesh_daggubaati, Chalapathi rao"
87,Brahma Puthrudu,1988,Dasari Narayana Rao,"venkatesh_daggubaati, Mohan babu, jaya_sudha"
88,Prema,1989,Suresh krishna,"venkatesh_daggubaati,brahmanandham, Chalapathi Rao"
89,Swarna Kamalam,1988,K. Viswanath,"venkatesh_daggubaati, bhanu_priya,brahmanandham"
90,Coolie No. 1,1991,K. Raghavendra Rao,"venkatesh_daggubaati, Tabu,brahmanandham, Mohan babu, kota_srinivasa_rao"
91,Chanti,1992,Ravi Raja Pinisetty,"venkatesh_daggubaati, Meena, kota_srinivasa_rao"
92,Kshana Kshanam,1991,Ram Gopal Varma,"venkatesh_daggubaati, Sridevi,brahmanandham, Hema"
93,Sundarakanda,1992,K. Raghavendra Rao,"venkatesh_daggubaati, Meena, kota_srinivasa_rao, Brahmananda"
94,Dharma Chakram,1996,Suresh krishna,"venkatesh_daggubaati, ramya_krishnan,brahmanandham"
95,Intlo Illalu Vantintlo Priyuralu,1996,E. V. V. satyanarayana,"venkatesh_daggubaati, Tabu, ramya_krishnan"
96,Ganesh,1998,Thirupathisamy,"venkatesh_daggubaati, Rambha,brahmanandham, kota_srinivasa_rao"
97,Kalisundam Raa,2000,Udayasankar,"venkatesh_daggubaati, Simran,brahmanandham, Srihari"
98,Nuvvu Naaku Nachav,2001,K. Vijaya Bhaskar,"venkatesh_daggubaati, Arti Agarwal, prakash_raj"
99,Malliswari,2004,K. Vijaya Bhaskar,"venkatesh_daggubaati, Katrina Kaif, Mukesh Rishi"
100,Gopala Gopala,2015,Kishore Kumar Pardasani,"venkatesh_daggubaati, pawan_kalyan_konidela, shriya_saran"
101,Rajakumarudu,1999,K. Raghavendra Rao,"mahesh_babu, Preity Zinta, Raghuvaran, kota_srinivasa_rao, Sudhakar"
102,Murari,2001,Krishna Vamsi,"mahesh_babu, Sonali Bendre, Sukumari, Kaikala satyanarayana, gollapudi_maruthi_rao"
103,Bobby,2002,Sobhan,"mahesh_babu, Aarthi Agarwal, prakash_raj, Ravi Babu, kota_srinivasa_rao"
104,Okkadu,2003,Gunasekhar,"mahesh_babu, Bhumika Chawla, Praksh raj, ms_narayana"
105,Athadu,2005,Trivikram Srinivas,"mahesh_babu, trisha_krishnan, Sonu Sood, prakash_raj, Nassar"
106,Pokiri,2006,Puri Jagannadh,"mahesh_babu, Ileana D'Cruz, prakash_raj, Nassar, Asish Vidyarthi"
107,Khaleja,2010,Trivikram Srinivas,"mahesh_babu, anushka_shetty, prakash_raj, Shafi,brahmanandham"
108,Businessman,2012,Puri Jagannadh,"mahesh_babu, kajal_aggarwal, prakash_raj, Nassar, Sayaji Shinde"
109,1: Nenokkadine,2014,Sukumar,"mahesh_babu, Kriti Sanon, Nassar, Pradeep Rawat, Kelly Dorji"
110,Srimanthudu,2015,Koratala Siva,"mahesh_babu, shruthi_hasaan, jagapathi_babu, rajendra_prasad, Sukanya"
111,Bharat Ane Nenu,2018,Koratala Siva,"mahesh_babu, kiara_advani, prakash_raj, R. Sarathkumar, Devaraj"
112,Seethamma Vakitlo Sirimalle Chettu,2013,srikanth Addala,"mahesh_babu, venkatesh_daggubaati, Anjali, samantha_ruth_prabhu Ruth Prabhu, prakash_raj"
113,Maharshi,2019,Vamshi Paidipally,"mahesh_babu, pooja_hegde, allari_naresh, jagapathi_babu, prakash_raj"
114,Sarileru Neekevvaru,2020,Anil Ravipudi,"mahesh_babu, rashmika_mandanna, vijayshanti, prakash_raj, rajendra_prasad"
115,Guntur Kaaram,2024,Trivikram Srinivas,"mahesh_babu, sreeleela, Jagapathi babu, prakash_raj,brahmanandham"
116,Akkada Ammayi Ikkada Abbayi,1996,E. V. V. satyanarayana,"pawan_kalyan_konidela, Supriya, K. Viswanath, Sarath Babu,brahmanandham"
117,Tholi Prema,1998,A. Karunakaran,"pawan_kalyan_konidela, Keerthi Reddy, venu_madhav, ali, Nagesh"
118,Thammudu,1999,P. A. Arun Prasad,"pawan_kalyan_konidela, Preeti Jhangiani, Aditi Govitrikar, Achyuth,brahmanandham"
119,Badri,2000,Puri Jagannadh,"pawan_kalyan_konidela, Amisha Patel, Renu Desai, prakash_raj, kota_srinivasa_rao"
120,Kushi,2001,S. J. Suryah,"pawan_kalyan_konidela, Bhumika Chawla, Sivaji, Mukesh Rishi, Nassar"
121,Gudumba Shankar,2004,Veera Shankar,"pawan_kalyan_konidela, Meera Jasmine, Ashutosh Rana, Mukesh Rishi,brahmanandham"
122,Balu,2005,A. Karunakaran,"pawan_kalyan_konidela, Neha Oberoi, prakash_raj, kota_srinivasa_rao,brahmanandham"
123,Jalsa,2008,Trivikram Srinivas,"pawan_kalyan_konidela, Ileana D'Cruz, Parvati Melton, Kamalinee Mukherjee, prakash_raj"
124,Panjaa,2011,Vishnuvardhan,"pawan_kalyan_konidela, Nikeesha Patel, Manoj Bajpayee, Charan Raj, ali"
125,Gabbar Singh,2012,Harish Shankar,"pawan_kalyan_konidela, shruthi_hasaan, Abhimanyu Singh, suhasini, ali"
126,Attarintiki Daredi,2013,Trivikram Srinivas,"pawan_kalyan_konidela, samantha_ruth_prabhu, Pranitha Subhash, Boman Irani, Nadhiya"
127,Gopala Gopala,2015,Kishore Kumar Pardasani,"pawan_kalyan_konidela, venkatesh_daggubaati, shriya_saran, Mithun Chakraborty, posani_krishna_murali"
128,Suswagatham,1998,Bhimaneni Srinivasa Rao,"pawan_kalyan_konidela, Devayani, kota_srinivasa_rao, ali,brahmanandham"
129,Vakeel Saab,2021,Venu Sriram,"pawan_kalyan_konidela, shruthi_hasaan, prakash_raj, Anjali"
130,Bro,2023,Samuthirakani,"pawan_kalyan_konidela, Sai Dharam tej, vennela_kishore"
131,Eeswar,2002,Jayanth C. Paranjee,"prabhas, Sridevi, Surekha Vani, Revathi"
132,Varsham,2004,Sobhan,"prabhas, trisha_krishnan, gopichand, sunil, prakash_raj"
133,Chatrapathi,2005,S. S. Rajamouli,"prabhas, shriya_saran, bhanu_priya, prakash_raj"
134,Pournami,2006,Prabhu Deva,"prabhas, trisha_krishnan, Charmy Kaur, Jaya Prakash Reddy"
135,Munna,2007,Vamshi Paidipally,"prabhas, Ileana D'Cruz, prakash_raj, kota_srinivasa_rao"
136,Bujjigadu,2008,Puri Jagannadh,"prabhas, trisha_krishnan, Mohan babu, sunil, Ms Narayana"
137,Billa,2009,Meher Ramesh,"prabhas, anushka_shetty, Namitha, Hansika Motwani"
138,Darling,2010,A. Karunakaran,"prabhas, kajal_aggarwal, Prabhu, Shraddha Das"
139,Mr. Perfect,2011,Dasaradh,"prabhas, kajal_aggarwal, Taapsee Pannu, Murali Sharma"
140,Mirchi,2013,Koratala Siva,"prabhas, anushka_shetty, Richa Gangopadhyay, satyaraj"
141,Baahubali: The Beginning,2015,S. S. Rajamouli,"prabhas, rana_daggubati, anushka_shetty, tamannaah_bhatia, ramya_krishnan, Sathyaraj"
142,Baahubali 2: The Conclusion,2017,S. S. Rajamouli,"prabhas, rana_daggubati, anushka_shetty, tamannaah_bhatia, ramya_krishnan, Sathyaraj"
143,Radhe Shyam,2022,Radha krishna Kumar,"prabhas, pooja_hegde, Bhagyashree, krishnam Raju, Sachin Khedekar, Murali Sharma"
144,Salaar: Part 1 - Ceasefire,2023,Prashanth Neel,"prabhas,Sriya Reddy, Sruthi haasan, Garuda Ram,brahmaji"
145,Kalki 2898 AD,2024,Nag Ashwin,"prabhas, Kamal haasan, Deepika padukone, Amitabh Bachchan, Bramhanandam"
146,Gangotri,2003,K. Raghavendra Rao,"allu_arjun, Aditi Agarwal, prakash_raj, Rajan P. Dev"
147,Arya,2004,Sukumar,"allu_arjun, Anu Mehta, shiva_balaji, Rajan P. Dev"
148,Happy,2006,A. Karunakaran,"allu_arjun, Genelia D'Souza, Manoj Bajpayee,brahmanandham"
149,Desamuduru,2007,Puri Jagannadh,"allu_arjun, Hansika Motwani, Pradeep Rawat, ali"
150,Arya 2,2009,Sukumar,"allu_arjun, kajal_aggarwal, Navdeep, Shraddha Das"
151,Vedam,2010,Krish Jagarlamuddi,"allu_arjun, anushka_shetty, Deeksha Seth, manchu_manoj, Lekha Washington, satyam_rajesh"
152,Julayi,2012,Trivikram Srinivas,"allu_arjun, Ileana D'Cruz, rajendra_prasad, Sonu Sood"
153,Iddarammayilatho,2013,Puri Jagannadh,"allu_arjun, Amala Paul, Catherine Tresa,brahmanandham"
154,Race Gurram,2014,Surendar Reddy,"allu_arjun, shruthi_hasaan, Saloni Aswani, Ravi Kishan"
155,S/O satyamurthy,2015,Trivikram Srinivas,"allu_arjun, samantha_ruth_prabhu, nitya_menen, Upendra"
156,Sarrainodu,2016,Boyapati Srinu,"allu_arjun, rakul_preeth_singh, Catherine Tresa, srikanth"
157,Bunny,2005,V. V. Vinayak,"allu_arjun, Gowri Munjal, prakash_raj, Mukesh Rishi"
158,Ala Vaikuntapurramulo,2020,Trivikram Srinivas,"allu_arjun, pooja_hegde, Tabu, Jayaram"
159,Pushpa: The Rise,2021,Sukumar,"allu_arjun, rashmika_mandanna, Fahadh Faasil, sunil, Rao Ramesh"
160,Pushpa 2: The Rule,2024,Sukumar,"allu_arjun, rashmika_mandanna, Fahadh Faasil, sunil, Rao Ramesh"
161,Chirutha,2007,Puri Jagannadh,"ram_charan, Neha Sharma, prakash_raj, Ashish Vidyarthi,brahmanandham"
162,Magadheera,2009,S.S. Rajamouli,"ram_charan, kajal_aggarwal, Dev Gill, Srihari, Sarath Babu"
163,Orange,2010,Bhaskar,"ram_charan, Genelia D'Souza, Shazahn Padamsee, prakash_raj,brahmanandham"
164,Rachcha,2012,Sampath Nandi,"ram_charan, tamannaah_bhatia, Ajmal Ameer, Paruchuri Venkateswara Rao,brahmanandham"
165,Naayak,2013,V.V. Vinayak,"ram_charan, kajal_aggarwal, Amala Paul, Pradeep Rawat,brahmanandham"
166,Thoofan,2013,Apoorva Lakhia,"ram_charan, Priyanka Chopra, Sanjay Dutt, prakash_raj, Mahie Gill"
167,Yevadu,2014,Vamsy Paidipally,"ram_charan, allu_arjun (special appearance), shruthi_hasaan, Amy Jackson, kajal_aggarwal"
168,Govindudu Andarivadele,2014,Krishna Vamsi,"ram_charan, kajal_aggarwal, srikanth, Kamalinee Mukherjee, prakash_raj"
169,Bruce Lee - The Fighter,2015,Sreenu Vaitla,"ram_charan, rakul_preeth_singh, Kriti Kharbanda, Arun Vijay,brahmanandham"
170,Dhruva,2016,Surender Reddy,"ram_charan, rakul_preeth_singh, Aravind Swamy, Navdeep, posani_krishna_murali"
171,Rangasthalam,2018,Sukumar,"ram_charan, samantha_ruth_prabhu, aadhi_pinisetty, jagapathi_babu, prakash_raj"
172,Vinaya Vidheya Rama,2019,Boyapati Srinu,"ram_charan, kiara_advani, Vivek Oberoi, Prashanth, Sneha"
173,RRR,2022,S.S. Rajamouli,"ram_charan, N.T. Rama Rao Jr., alia Bhatt, Ajay Devgn, Olivia Morris"
174,Toli Choopulone,2003,K. Ashok Kumar,"kalyan_ram, Sindhu Tolani, Siva Reddy, ali"
175,Abhimanyu,2004,P. A. Arun Prasad,"kalyan_ram, Diya, Siva Reddy,brahmanandham"
176,Athadu,2005,Trivikram Srinivas,"kalyan_ram, Sindhu Tolani, Ashish Vidyarthi, Sayaji Shinde"
177,Lakshmi Kalyanam,2007,Teja,"kalyan_ram, kajal_aggarwal, suhasini,brahmanandham"
178,Vijayadasami,2007,V. Samudra,"kalyan_ram, Kaveri Jha, Siva Reddy,brahmanandham"
179,Jayeebhava,2009,Naren Kondapati,"kalyan_ram, Hansika,brahmanandham,Raghu babu, ali"
180,Kalyanram Kathi,2010,Mallikarjun,"kalyan_ram, Shraddha Das, suhasini,brahmanandham"
181,Om 3D,2013,sunil Reddy,"kalyan_ram, Nikesha Patel,brahmanandham, Sayaji Shinde"
182,Pataas,2015,Anil Ravipudi,"kalyan_ram, Shruti Sodhi, Ashutosh Rana, Sai Kumar"
183,Ism,2016,Puri Jagannadh,"kalyan_ram, Jagapati Babu, Tanikella Bharani, vennela_kishore"
184,MLA (Manchi Lakshanalunna Abbayi),2018,Upendra Madhav,"kalyan_ram, kajal_aggarwal,brahmanandham"
185,Naa Nuvve,2018,Jayendra Panchapakesan,"kalyan_ram, tamannaah_bhatia, Tanikella Bharani, posani_krishna_murali"
186,118,2019,K. V. Guhan,"kalyan_ram, Shalini Pandey, nivetha_thomas, Nassar"
187,Bimbisara,2022,Mallidi Vassishta,"kalyan_ram, samyuktha_menon, prakash_raj"
188,Mukunda,2014,srikanth Addala,"varun_tej_konidela, pooja_hegde, prakash_raj, Rao Ramesh,brahmanandham"
189,Kanche,2015,Krish,"varun_tej_konidela, Pragya Jaiswal, Nikitin Dheer, Sathyaraj, gollapudi_maruthi_rao"
190,Loafer,2015,Puri Jagannadh,"varun_tej_konidela, Disha Patani, Revathi, posani_krishna_murali,brahmanandham"
191,Mister,2017,Sreenu Vaitla,"varun_tej_konidela, lavanya_tripathi, Hebah Patel, Nikitin Dheer, Nassar"
192,Fidaa,2017,Sekhar Kammula,"varun_tej_konidela, sai_pallavi, Sai Chand, Raja Chembolu, Saranya Pradeep"
193,Tholi Prema,2018,Venky Atluri,"varun_tej, raashii_khanna,priyadarsi"
194,Antariksham 9000 KMPH,2018,Sankalp Reddy,"varun_tej_konidela, Aditi Rao Hydari, lavanya_tripathi, satyadev Kancharana, Rahman"
195,Gaddalakonda Ganesh,2019,Harish Shankar,"varun_tej_konidela, Atharvaa, pooja_hegde, Mirnalini Ravi, brahmaji"
196,F3: Fun and Frustration,2022,Anil Ravipudi,"varun_tej_konidela,mehreen_pirzada,tamannaah_bhatia,venkatesh,sunil"
197,Ghani,2022,Kiran Korrapati,"varun_tej_konidela, Saiee Manjrekar, Upendra, Suniel Shetty, naveen_chandra"
198,Operation Valentine,2024,Shakti Pratap Singh Hada,"varun_tej_konidela, Navdeep, Manushi chhillar,ali"
199,Matka,2024,Karuna Kumar,"varun_tej_konidela,meenakshi_chaudhary,Naveen chandra"
200,F2: Fun and Frustration,2019,Anil Ravipudi,"varun_tej_konidela, venkatesh, tamannaah_bhatia,mehreen_pirzada, rajendra_prasad"
201,Jayam,2002,Teja,"nithiin, Sadha, gopichand, Siva Reddy"
202,Gunde Jaari Gallanthayyinde,2013,Vijay Kumar Konda,"nithiin, nitya_menen, Isha Talwar, ali"
203,Heart Attack,2014,Puri Jagannadh,"nithiin, Adah Sharma,brahmanandham, ali"
204,A Aa,2016,Trivikram Srinivas,"nithiin, samantha_ruth_prabhu, anupama_parameswaran, Nadhiya"
205,LIE (Love Intelligence Enmity),2017,Hanu Raghavapudi,"nithiin, Megha Akash, Arjun Sarja, Ravi Kishan"
206,Srinivasa Kalyanam,2018,Satish Vegesna,"nithiin, Hansika Motwani, Suneel,brahmanandham"
207,Bheeshma,2020,Venky Kudumula,"nithiin, rashmika_mandanna, vennela_kishore, Sampath Raj"
208,Chinnadana Nee Kosam,2014,A. Karunakaran,"nithiin, Mishti, Nassar, ali"
209,Ishq,2012,Vikram K. Kumar,"nithiin, nitya_menen, Ajay, sapthagiri"
210,Courier Boy Kalyan,2015,Prem Sai,"nithiin, Yami Gautam, Ashutosh Rana, Nassar"
211,Rang De,2021,Venky Atluri,"nithiin, keerthy_suresh, Naresh, Kausalya"
212,Chal Mohan Ranga,2018,krishna Chaitanya,"nithiin, Megha Akash, Madhunandan, Rao Ramesh"
213,Check,2021,Chandra Sekhar Yeleti,"nithiin,rakul_preeth_singh, Posani krishna murali, Murali sharma"
214,Macherla Niyojakavargam,2022,M. S. rajashekar Reddy,"nithiin, krithi_shetty, vennela_kishore, samuthirakani, rajendra_prasad"
215,Pilla Nuvvu Leni Jeevitham,2014,A.S. Ravi Kumar Chowdary,"sai_dharam_tej, regina_cassandra"
216,Supreme,2016,Anil Ravipudi,"sai_dharam_tej, raashii_khanna, rajendra_prasad"
217,Winner,2017,gopichand Malineni,"sai_dharam_tej, rakul_preeth_singh, jagapathi_babu"
218,Jawaan,2017,B.V.S.R. Ravi,"sai_dharam_tej, mehreen_pirzada, Prasanna"
219,Inttelligent,2018,V.V. Vinayak,"sai_dharam_tej, lavanya_tripathi, Nassar"
220,Tej I Love You,2018,A. Karunakaran,"sai_dharam_tej,anupama_parameswaran"
221,Chitralahari,2019,Kishore Tirumala,"sai_dharam_tej, Kalyani Priyadarshan, Nivetha Pethuraj"
222,Prati Roju Pandage,2019,Maruthi Dasari,"sai_dharam_tej, raashii_khanna, Sathyaraj"
223,Solo Brathuke So Better,2020,Subbu V. V.,"sai_dharam_tej, nabha_natesh, Rao Ramesh"
224,Republic,2021,Deva Katta,"sai_dharam_tej, Aishwarya Rajesh, jagapathi_babu"
225,Subramanyam for Sale,2015,Harish Shankar,"sai_dharam_tej, regina_cassandra, Suman"
226,Thikka,2016,sunil Reddy,"sai_dharam_tej, Mannara Chopra, Larissa Bonesi"
227,Virupaksha,2023,Karanam P. Babji,"sai_dharam_tej, samyuktha_menon, ravi krishna, sunil, brahmaji"
228,Nakshatram,2017,Krishna Vamsi,"sai_dharam_tej, sundeep_kishan, regina_cassandra, prakash_raj, brahmaji"
229,Bro,2023,Samuthirakani,"sai_dharam_tej, pawan_kalyan_konidela, Keitka Sharma, vennela_kishore"
230,Nuvvila,2011,Ravi Babu,"vijay_devarakonda, Yami Gautam, Tanikella Bharani, Ravi Babu"
231,Yevade Subramanyam,2015,Nag Ashwin,"vijay_devarakonda, nani, Malavika Nair, Ritu Varma, krishnam Raju"
232,Pelli Choopulu,2016,Tharun Bhascker Dhaassyam,"vijay_devarakonda, Ritu Varma, Nandu, priyadarshi_pulikonda, Abhay Bethiganti"
233,Dwaraka,2017,Srinivasa Ravindra,"vijay_devarakonda, Pooja Jhaveri, prakash_raj, Murali Sharma, prudhvi_raj"
234,Arjun Reddy,2017,Sandeep Reddy Vanga,"vijay_devarakonda, Shalini Pandey, Jia Sharma, Kanchana, Gopinath Bhat"
235,Geetha Govindam,2018,Parasuram,"vijay_devarakonda, rashmika_mandanna, rahul_ramakrishna, vennela_kishore"
236,Taxiwala,2018,Rahul Sankrityan,"vijay_devarakonda, Priyanka Jawalkar, Malavika Nair, Madhunandan, Ravi Varma"
237,Dear Comrade,2019,Bharat Kamma,"vijay_devarakonda, rashmika_mandanna, Shruti Ramachandran, Charuhasan, suhas"
238,World Famous Lover,2020,K. Kranthi Madhav,"vijay_devarakonda, raashii_khanna, Aishwarya Rajesh, Catherine Tresa, Izabelle Leite"
239,Liger,2022,Puri Jagannadh,"vijay_devarakonda, Ananya Panday, ramya_krishnan, Ronit Roy, Makarand Deshpande, Mike Tyson (special appearance)"
240,Kushi,2023,Shiva Nirvana,"vijay_devarakonda, samantha_ruth_prabhu, vennela_kishore, rahul_ramakrishna, ali"
241,The Family Star,2024,Parasuram,"vijay_devarakonda, mrunal_takur Thankur, jagapathi_babu, vennela_kishore "
242,NOTA,2018,Anand Shankar,"vijay_devarakonda, Nassar, mehreen_pirzada, priyadarshi_pulikonda, Rajendran"
243,Vishnu,2003,Shaji Kaila,"manchu_vishnu, Prema, ramya_krishnan,brahmanandham, ali"
244,Suryam,2004,G. Ram Prasad,"manchu_vishnu, Mohan babu, kota_srinivasa_rao, sunil, ms_narayana"
245,Dhee,2007,Srinu Vaitla,"manchu_vishnu, Genelia D'Souza, Srihari,brahmanandham, Supreeth"
246,Asthram,2006,Suresh krishna,"manchu_vishnu, anushka_shetty, Rahu babu"
247,Saleem,2014,Y.V.S. Chowdary,"manchu_vishnu, Ileana D'Cruz, mohan_babu, ali,brahmanandham"
248,Anukshanam,2014,Ram Gopal Varma,"manchu_vishnu, Madhu shalini, Navdeep,brahmanandham"
249,Dynamite,2015,Deva Katta,"manchu_vishnu, Pranitha Subash, Praveen"
250,Eedo Rakam Aado Rakam,2016,G. Nageswara Reddy,"manchu_vishnu,Raj Tarun, rajendra_prasad, Hebah Patel, vennela_kishore, sunil"
251,Luck Unnodu,2017,Raaja Kiran,"manchu_vishnu, Hansika, Mohan babu, vennela_kishore, posani_krishna_murali"
252,Voter,2019,G. Karthik Reddy,"manchu_vishnu, Surbhi, Nassar, posani_krishna_murali, brahmaji"
253,Mosagallu,2021,Jeffrey Gee Chin,"manchu_vishnu, Ruhi singh, kajal_aggarwal, venkatesh_daggubaati, "
254,Game,2006,Ramprasad G,"manchu_vishnu, Mohan babu,brahmanandham, sunil, posani_krishna_murali"
255,Denikaina Ready,2012,G. Nageswara Reddy,"manchu_vishnu, Hansika Motwani,brahmanandham, kota_srinivasa_rao"
256,Doosukeltha,2013,Veeru Potla,"manchu_vishnu, lavanya_tripathi,brahmanandham, ali"
257,Achari America Yatra,2018,G. Nageswara Reddy,"manchu_vishnu, Pragya Jaiswal,brahmanandham, kota_srinivasa_rao"
258,Ankusam,1989,Kodi Ramakrishna,"rajashekar, Jeevitha, Rami Reddy, babu_mohan"
259,Magaadu,1990,K. Madhu,"rajashekar, Jeevitha, Lissy, babu_mohan, ali"
260,Garuda Vega,2017,Praveen Sattaru,"rajashekar, Pooja Kumar, Pruthviraj, ali"
261,Kalki,2019,Prasanth Varma,"rajashekar, Adah Sharma, rahul_ramakrishna, Nandita Swetha, Siddu Jonnalagadda"
262,Maa Annayya,2000,Ravi Raja Pinisetty,"rajashekar, Meena, Maheswari, brahmaji"
263,Gorintaku,2008,V. R. Pratap,"rajashekar, Aarthi Agarwal, Meera Jasmine, venu_madhav, brahmaji"
264,Mahankali,2013,karthikeya_gummikonda,"rajashekar, Madhurima"
265,Evadithe Nakenti,2007,V. Samudra,"rajashekar, Samvrutha sunil, Raghuvaran, babu_mohan, Mumaith Khan"
266,satyameva Jeyathe,2009,Jeevitha,"rajashekar, Neetu Chandra, Sanjjanaa Galrani, Shivaji, raghu_babu, ali,brahmanandham"
267,Bharatasimha Reddy,2002,Nukaarapu Suryaprakashrao,"rajashekar, Meena, Gajala,brahmanandham, raghu_babu"
268,Aavesam,1994,Kodi Ramakrishna,"rajashekar, Nagma, Madhubala"
269,Simha Raasi,2001,V. Samudra,"rajashekar, Sakshi Shivanand,brahmanandham, ms_narayana, venu_madhav"
270,Neeku Naaku Pellanta,1988,Jandhyala,"rajashekar, Ashwini,brahmanandham, Chandramohan"
271,Manasunna Maraju,2000,Muthyala Subbaiah,"rajashekar, Laya, Rajitha,brahmanandham, kota_srinivasa_rao"
272,Papa kosam,1990,Dinesh Babu,"rajashekar, Shobana,brahmanandham, Nassar"
273,Alludu Seenu,2014,V. V. Vinayak,"bellamkonda_srinivas, samantha_ruth_prabhu, Bramhanandam, vennela_kishore, prakash_raj"
274,Speedunnodu,2016,Bhimaneni Srinivasa Rao,"bellamkonda_srinivas, Sonarika Bhadoria, ali, satya, posani_krishna_murali"
275,Jaya Janaki Nayaka,2017,Boyapati Srinu,"bellamkonda_srinivas, rakul_preeth_singh, jagapathi_babu"
276,Saakshyam,2018,Sriwass,"bellamkonda_srinivas, pooja_hegde, vennela_kishore"
277,Kavacham,2018,Sreenivas Mamilla,"bellamkonda_srinivas, kajal_aggarwal, posani_krishna_murali, satyam_rajesh"
278,Sita,2019,Teja,"bellamkonda_srinivas, kajal_aggarwal, Sonu Sood"
279,Rakshasudu,2019,Ramesh Varma,"bellamkonda_srinivas, anupama_parameswaran, Rajeev Kanakala"
280,Alludu Adhurs,2021,Santosh Srinivas,"bellamkonda_srinivas, nabha_natesh, anu_emmanuel, vennela_kishore, satya"
281,Amma Cheppindi,2006,G. Ram Prasad,"sharwanand, Shriya Reddy, suhasini, krishna_bhagavan"
282,Gamyam,2008,Krish Jagarlamudi,"sharwanand, Kamalinee Mukherjee, allari_naresh,brahmanandham"
283,Nuvva Nena,2012,P. Narayana,"sharwanand, shriya_saran, allari_naresh, ali,brahmanandham"
284,Run Raja Run,2014,Sujeeth,"sharwanand, Seerat Kapoor, adivi_sesh, vennela_kishore"
285,Malli Malli Idi Rani Roju,2015,Kranthi Madhav,"sharwanand, Nithya Menon, Nassar"
286,Express Raja,2016,Merlapaka Gandhi,"sharwanand, Surbhi, sapthagiri, prabhas Sreenu"
287,Radha,2017,Chandra Mohan,"sharwanand, lavanya_tripathi, kota_srinivasa_rao, sapthagiri, ali"
288,Mahanubhavudu,2017,Maruthi Dasari,"sharwanand, mehreen_pirzada, vennela_kishore"
289,Padi Padi Leche Manasu,2018,Hanusu Raghavapudi,"sharwanand, sai_pallavi, vennela_kishore, Priyadarshi, suhas"
290,Sathamanam Bhavati,2017,Satish Vegesna,"sharwanand, anupama_parameswaran, prakash_raj, jaya_sudha"
291,Ranarangam,2019,Sudheer Varma,"sharwanand, Kalyani Priyadarshan, kajal_aggarwal"
292,Jaanu,2020,C. Prem Kumar,"sharwanand, samantha_ruth_prabhu, vennela_kishore"
293,Sreekaram,2021,Kishor B,"sharwanand, priyanka_arul_mohan, satya, Naresh"
294,Aadavallu Meeku Johaarlu,2022,Tirumala Kishore,"sharwanand, rashmika_mandanna,brahmanandham, vennela_kishore, Khushbu Sundar"
295,Oke Oka Jeevitham,2022,Shree Karthick,"sharwanand, Ritu Varma, Amala Akkineni, vennela_kishore, Priyadarshi"
296,Prema Ishq Kaadhal,2013,Pavan Sadineni,"sree_vishnu, Ritu Varma, Vithika Sheru, satyam_rajesh, satya"
297,Maa Abbayi,2017,Kumar Vatti,"sree_vishnu, Chitra Shukla"
298,Mental Madhilo,2017,Vivek Athreya,"sree_vishnu, Nivetha Pethuraj, Amrutha Srinivasan"
299,Needi Naadi Oke Katha,2018,Venu Udugula,"sree_vishnu, Satna Titus, posani_krishna_murali"
300,Veera Bhoga Vasantha Rayalu,2018,R. Inndrasena,"sree_vishnu, shriya_saran, nara_rohit, sudheer_babu,"
301,Brochevarevarura,2019,Vivek Athreya,"sree_vishnu, nivetha_thomas, Nivetha Pethuraj, Priyadarshi, rahul_ramakrishna"
302,Thipparaa Meesam,2019,krishna Vijay,"sree_vishnu, Nikki Tamboli, Praveen"
303,Gaali Sampath,2021,Anish R. krishna,"sree_vishnu, Lovely Singh, rajendra_prasad, satya"
304,Raja Raja Chora,2021,Hasith Goli,"sree_vishnu, Sunaina, Megha Akash, Ravi Babu "
305,Arjuna Phalguna,2021,Teja Marni,"sree_vishnu, Amritha Aiyer, Naresh"
306,Alluri,2022,Pradeep Varma,"sree_vishnu, Kayadu Lohar, Tanikella Bharani, Suman"
307,Samajavaragamana,2023,Ram Abbaraju,"sree_vishnu, Reba Monica John, vennela_kishore, Sudharshan"
308,Om Bheem Bush,2024,Sree Harsha Konuganti,"sree_vishnu, Preity Mukhundhan, Priyadarshi, rahul_ramakrishna"
309,Swag,2024,Hasith Goli,"sree_vishnu, Ritu Varma, Meera Jasmine, sunil, Getup Srinu"
310,Zombie Reddy,2021,Prasanth Varma,"teja_sajja, Anandhi, Getup Srinu"
311,Ishq,2021,S. S. Raju,"teja_sajja, Priya Prakash Varrier, Leona Lishoy, Ravindra Vijay"
312,Adbhutham,2021,Mallik Ram,"teja_sajja, Shivani rajashekar"
313,Hanu-Man,2024,Prasanth Varma,"teja_sajja, Amritha Aiyer, vennela_kishore, Getup Srinu, satya"
314,Shiva Manasulo Shruti,2012,M. Rajesh,"sudheer_babu,, regina_cassandra, vennela_kishore"
315,Prema Katha Chitram,2013,J. Prabhakara Reddy,"sudheer_babu, Nanditha Raj, sapthagiri, Praveen"
316,krishnamma Kalipindi Iddarini,2015,R. Chandru,"sudheer_babu, Nanditha Raj, sapthagiri, M.S. Narayana"
317,Sammohanam,2018,Mohana krishna Indraganti,"sudheer_babu, Aditi Rao Hydari, rahul_ramakrishna"
318,Nannu Dochukunduvate,2018,R. S. Naidu,"sudheer_babu, nabha_natesh, Viva Harsha, Nassar"
319,Aa Ammayi Gurinchi Meeku Cheppali,2022,Mohana krishna Indraganti,"sudheer_babu, krithi_shetty, rahul_ramakrishna, vennela_kishore"
320,Mama Mascheendra,2023,Harsha Vardhan,"sudheer_babu, Eesha Rebba, Mirnalini Ravi"
321,Harom Hara,2024,Gnanasagar Dwaraka,"sudheer_babu, Malvika Sharma, sunil"
322,Maa Nanna Superhero,2024,Abhilash Reddy Kankara,"sudheer_babu, Aarna, Sayaji Shinde, Sai Chand"
323,Aadu Magaadra Bujji,2013,krishna Reddy Gangadhasuu,"sudheer_babu, Asmita Sood, Prudhviraj, krishna Bhagavaan"
324,Mosagallaku Mosagadu,2015,Nellore Bose,"sudheer_babu, Nandini Rai, sapthagiri, Jaya Prakash Reddy, shakalaka_shankar, Praveen"
325,Bhale Manchi Roju,2015,Sriram Adittya,"sudheer_babu, Wamiqa Gabbi, Praveen"
326,V,2020,Mohana krishna Indraganti,"sudheer_babu, nivetha_thomas, nani, Aditi Rao Hydari, vennela_kishore"
327,Sridevi Soda Centre,2021,Karuna Kumar,"sudheer_babu, Anandhi, satyam_rajesh, raghu_babu, sapthagiri"
328,Hunt,2023,Mahesh Surapaneni,"sudheer_babu, srikanth, Bharath"
329,Tholi Valapu,2001,Muthyala Subbaiah,"gopichand, Sneha, ali, sunil, Chandra Mohan"
330,Yagnam,2004,A. S. Ravi Kumar Chowdary,"gopichand, Moon Banerjee, dharmavarapu_subramanyam, raghu_babu, prakash_raj"
331,Andhrudu,2005,Paruchuri Murali,"gopichand, Gowri Pandit, sunil"
332,Ranam,2006,Amma Rajasekhar,"gopichand, Sneha, ali, sunil, Chandra Mohan"
333,Lakshyam,2007,Srivass,"gopichand, anushka_shetty, Jagapati Babu,brahmanandham, ali, venu_madhav"
334,Ontari,2008,B.V. Ramana,"gopichand, Bhavana, sunil, ali"
335,Souryam,2008,Siva,"gopichand, anushka_shetty, ali, ms_narayana"
336,Golimaar,2010,P. Shashank,"gopichand, Priyamani, ali, satyam_rajesh, Pruthviraj, ms_narayana"
337,Mogudu,2011,Krishna Vamsi,"gopichand, Taapsee Pannu, Shraddha Das, venu_madhav, Naresh, Roja, rajendra_prasad"
338,Saahasam,2013,Chandrasekhar Yeleti,"gopichand, Taapsee Pannu, ali"
339,Loukyam,2014,Sriwass,"gopichand, rakul_preeth_singh,brahmanandham, sunil, vennela_kishore, Prudhviraj, raghu_babu"
340,Jil,2015,U. V. V. Vamsi,"gopichand, raashii_khanna, posani_krishna_murali"
341,Oxygen,2017,Jyothi krishna,"gopichand, raashii_khanna, anu_emmanuel, ali, vennela_kishore"
342,Goutham Nanda,2017,Sampath Nandi,"gopichand, Hansika, Catherine Tresa, vennela_kishore"
343,Seetimaarr,2021,Sampath Nandi,"gopichand, tamannaah_bhatia, sunil, Ajay"
344,Aayanakiddaru,1995,E. V. V. satya Narayana,"jagapathi_babu, ramya_krishnan, Ooha, brahmanandham"
345,Subhakankshalu,1997,Bheemineni Srinivasarao,"jagapathi_babu, krishna, Raasi, Ravali, brahmanandam"
346,Pelli Pandiri,1997,Kodi Ramakrishna,"jagapathi_babu, Raasi, Pruthvi, Sudhakhar, brahmanandam"
347,Kabaddi Kabaddi,2003,Venky,"jagapathi_babu, Kalyani,brahmanandham, ms_narayana, krishna Bhagawan, raghu_babu"
348,Manoharam,1999,Guna Sekhar,"jagapathi_babu, Laya, brahmaji, brahmanandam, ms_narayana"
349,Budget Padmanabham,2000,S. V. krishna Reddy,"jagapathi_babu, ravi_teja, ramya_krishnan, M.S.Narayana, Tanikella Bharani"
350,Athade oka Sainyam,2004,S. V. krishna Reddy,"jagapathi_babu, ali, brahmanandam, prakash_raj, srinivasa_reddy, sunil, "
351,Kshetram,2011,T. Venu Gopal,"jagapathi_babu, Priyamani, kota_srinivasa_rao,brahmanandham"
352,Swagatham,2008,Dasarath,"jagapathi_babu, anushka_shetty, Bhoomika, ali, brahmanandam, ms_narayana, Arjun"
353,Kathanayakudu,2008,P. Srinivasarao,"jagapathi_babu, Rajnikanth, Meena, ali, sunil, brahmanandam, Kondavalasa"
354,Pravarakhyudu,2009,Madan,"jagapathi_babu, Priya mani, ali, brahmanandam, sunil, Dharamavarapu Subramanyam"
355,Simha Swapnam,1989,V. Madhusudhana Rao,"jagapathi_babu, Vani Viswanath, krishnam Raju, jaya_sudha"
356,Parishkaram,1991,Tarani,"jagapathi_babu, Vani Viswanath, Nagendra Babu, Sudhakar, Rallapalli"
357,Sahasam,1992,Suresh krishna,"jagapathi_babu, Bhanu Chander, Nassar, Chandra Mohan"
358,Siddham,2009,J. D. Chakravarthy,"jagapathi_babu, Sindhu Menon, kota_srinivasa_rao"
359,Colour Photo,2020,Sandeep Raj,"suhas, Chandini Chowdary, sunil, Viva Harsha"
360,Writer Padmabhushan,2023,Shanmukha Prasanth,"suhas, Tina Shilparaj"
361,Prasanna Vadanam,2024,Arjun Y. K,"suhas, Payal Radhakrishna, Viva Harsha"
362,Gorre Puranam,2024,Bobby Varma,"suhas, posani_krishna_murali, Raghu Karumanchi"
363,Janaka Aithe Ganaka,2024,Sandeep Reddy Bandla,"suhas, Sangeerthana Vipin, vennela_kishore, rajendra_prasad"
364,Gouravam,2013,Radha Mohan,"allu_sirish, Yami Gautam, prakash_raj, Nassar"
365,Kotha Janta,2014,Maruthi,"allu_sirish, regina_cassandra, Rao Ramesh, posani_krishna_murali"
366,Srirastu Subhamastu,2016,Parasuram,"allu_sirish, lavanya_tripathi, ali, Rao Ramesh"
367,Okka Kshanam,2017,Vi Anand,"allu_sirish, Surbhi, satya"
368,ABCD: American Born Confused Desi,2019,Sanjeev Reddy,"allu_sirish, Rukshar Dhillon, vennela_kishore, Viva Harsha"
369,Urvasivo Rakshasivo,2022,Rakesh Sashii,"allu_sirish, anu_emmanuel, sunil, vennela_kishore, posani_krishna_murali"
370,Leader,2010,Sekhar Kammula,"rana_daggubati, Richa Gangopadhyay, kota_srinivasa_rao, Priya Anand, Tanikella Bharani"
371,Nenu Naa Rakshasi,2011,Puri Jagannadh,"rana_daggubati, Ileana D'Cruz, kota_srinivasa_rao, ali, venu_madhav, Shafi, raghu_babu"
372,Naa Istam,2012,Prakash Toleti,"rana_daggubati, Genelia D'Souza,brahmanandham, ali, raghu_babu, Nassar"
373,Krishnam Vande Jagadgurum,2012,Krish,"rana_daggubati, nayanthara, kota_srinivasa_rao, raghu_babu, satyam_rajesh,brahmanandham, posani_krishna_murali"
374,Ghazi,2017,Sankalp Reddy,"rana_daggubati, Taapsee Pannu, satyadev, Priyadarshi "
375,Nene Raju Nene Mantri,2016,Teja,"rana_daggubati, kajal_aggarwal, Catherine Tresa, Navdeep, Jaya Prakash Reddy"
376,Bluff Master,2018,Gopiganesh Pattabhi,"satyadev, Nandita Swetha, prudhvi_raj, brahmaji"
377,47 Days,2020,Pradeep Maddali,"satyadev, Pooja Jhaveri"
378,Uma Maheswara Ugra Roopasya,2020,venkatesh_daggubaati Maha,"satyadev, Naresh, suhas, Roopa Koduvayur"
379,Guvva Gorinka,2020,Mohan Bammidi,"satyadev, Priyaa Lal, Priyadarshi, rahul_ramakrishna"
380,Thimmarusu,2021,Sharan Koppisetty,"satyadev, Priyanka Jawalkar, brahmaji, Ajay, Viva Harsha"
381,Godse,2022,Gopiganesh Pattabhi,"satyadev, Aishwarya Lekshmi, Tanikella Bharani, brahmaji, Priyadarshi"
382,Gurthunda Seethakala,2022,Nagashekar,"satyadev, tamannaah_bhatia, Megha Akash, Kavya Shetty, Priyadarshi"
383,krishnamma,2024,V. V. Gopala krishna,"satyadev, Athira Raj, Archana Iyer"
384,Vellipomakey,2017,Yakub ali,"vishwak_sen, Nithyasree Reddy"
385,Ee Nagaraniki Emaindhi,2018,Tharun Bhascker,"vishwak_sen, Simran Choudhary, Anisha Ambrose, Sai Sushanth Reddy, Abhinav Gomatam, venkatesh_daggubaati Kakumanu"
386,Falaknuma Das,2019,Vishwak Sen,"vishwak_sen, Saloni Mishra, Harshita Gaur"
387,HIT: The First Case,2020,Sailesh Kolanu,"vishwak_sen, Ruhani Sharma, brahmaji"
388,Paagal,2021,Naresh Kuppili,"vishwak_sen, Nivetha Pethuraj, Simran Choudhary"
389,Ashoka Vanamlo Arjuna Kalyanam,2022,Vidya Sagar Chinta,"vishwak_sen, Ritika Nayak, Rukshar Dhillon, vennela_kishore"
390,Ori Devuda,2022,Ashwath Marimuthu,"vishwak_sen, Mithila Palkar, Asha Bhat, venkatesh_daggubaati, rahul_ramakrishna"
391,Das Ka Dhamki,2023,vishwak_sen,"vishwak_sen, Nivetha Pethuraj, Hyper Aadi, Rao Ramesh, Mahesh Achanta"
392,Gaami,2024,Vidyadhar Kagita,"vishwak_sen, Chandini Chowdary"
393,Gangs of Godavari,2024,krishna Chaitanya,"vishwak_sen, Neha Shetty, Hyper Aadi, Anjali"
394,Mechanic Rocky,2024,ravi_teja Mullapudi,"vishwak_sen, meenakshi_chaudhary, Shraddha Srinath, sunil, Naresh, Hyper Aadi, Viva Harsha"
395,Baanam,2009,Chaitanya Dantuluri,"nara_rohit, Vedhika, sree_vishnu"
396,Solo,2011,Parasuram,"nara_rohit, Nisha Aggarwal, prakash_raj, ali, sree_vishnu"
397,Prathinidhi,2014,Prashanth Mandava,"nara_rohit, Shubra Aiyappa, sree_vishnu, kota_srinivasa_rao"
398,Rowdy Fellow,2014,krishna Chaitanya,"nara_rohit, Vishakha Singh, posani_krishna_murali"
399,Asura,2015,krishna Vijay,"nara_rohit, Priya Banerjee, satya Dev, satya"
400,Savitri,2016,Pavan Sadineni,"nara_rohit, Nanditha Raj, posani_krishna_murali, vennela_kishore, satyam_rajesh, satya"
401,Raja Cheyyi Vesthe,2016,Pradeep,"nara_rohit, Isha Talwar, Viva Harsha"
402,Balakrishnudu,2017,Mallela Pavan,"nara_rohit, regina_cassandra, ramya_krishnan, vennela_kishore"
403,Aatagallu,2018,Paruchuri Murali,"nara_rohit, Darshana Banik, jagapathi_babu,brahmanandham, satyam_rajesh"
404,Uppena,2021,Buchi Babu Sana,"vaishnav_tej_panja, krithi_shetty, Vijay Sethupathi"
405,Konda Polam,2021,Krish Jagarlamudi,"vaishnav_tej_panja, rakul_preeth_singh, kota_srinivasa_rao"
406,Ranga Ranga Vaibhavanga,2022,Gireeshaaya,"vaishnav_tej_panja, krithi_shetty, Vijay Sethupathi"
407,Aadikeshava,2023,srikanth N. Reddy,"vaishnav_tej_panja, sreeleela"
408,Raja Varu Rani Garu,2019,Ravi Kiran Kola,"kiran_abbavaram, Rahasya Gorak, Dhanraj, Josh Ravi"
409,SR Kalyanamandapam,2021,Sridhar Gade,"kiran_abbavaram, Priyanka Jawalkar, Annapoorna, Subbaraju"
410,Sebastian P.C. 524,2022,Balaji Sayyapureddy,"kiran_abbavaram, Nuveksha, Rohini, srikanth Iyengar"
411,Sammathame,2022,Gopinath Reddy,"kiran_abbavaram, Chandini Chowdary, sapthagiri, Rajendran, Chammak Chandra"
412,Vinaro Bhagyamu Vishnu Katha,2023,M. Murali krishna,"kiran_abbavaram, Kashmira Pardesi, vennela_kishore, Aamani"
413,Meter,2023,Ramesh Kaduri,"kiran_abbavaram, Athulya Chandra, sapthagiri, prudhvi_raj, posani_krishna_murali"
414,Nenu Meeku Baaga Kavalsinavaadini,2022,Sridhar Gade,"kiran_abbavaram, Sanjana Anand, Getup Srinu"
415,Rules Ranjann,2023,Rathinam krishna,"kiran_abbavaram, Neha Shetty, vennela_kishore, Hyper Aadhi, Subbaraju"
416,KA,2024,Sujith & Sandeep,"kiran_abbavaram, Ajay, Nayan Sarika, Tanvi Ram"
417,Akhil: The Power of Jua,2015,V. V. Vinayak,"akhil_akkineni, Sayyeshaa Saigal, rajendra_prasad,brahmanandham, vennela_kishore, Jaya Prakash Reddy, Mahesh Manjrekar"
418,Hello!,2017,Vikram Kumar,"akhil_akkineni, Kalyani Priyadarshan, Jagapati Babu, ramya_krishnan, Ajay, vennela_kishore, posani_krishna_murali"
419,Mr. Majnu,2019,Venky Atluri,"akhil_akkineni, nidhhi_agerwal, Naga Babu, Rao Ramesh, Priyadarshi Pullikonda, Hyper Aadi, Subbaraju"
420,Agent,2023,Surender Reddy,"akhil_akkineni, Murali Sharma, Mammootty, Sakshi Vaidya"
421,Happy Days,2007,Sekhar Kammula,"nikhil_siddhartha, varun_sandesh, tamannaah_bhatia"
422,Yuvatha,2008,Parasuram,"nikhil_siddhartha, Aksha, Sayaji Shinde, Jaya Prakash Reddy, Prudhviraj"
423,Kirrak Party,2018,Sharan Koppisetty,"nikhil_siddhartha, Simran Pareenja, Samyuktha Hegde"
424,Veedu Theda,2011,Chinni krishna,"nikhil_siddhartha, Puja Banerjee, ali,brahmanandham, ms_narayana, raghu_babu"
425,Swamy Ra Ra,2013,Sudheer Varma,"nikhil_siddhartha, Swati Reddy, satya"
426,Karthikeya,2014,Chandoo Mondeti,"nikhil_siddhartha, Swati Reddy, satya, Praveen"
427,Arjun Suravaram,2019,T. Santhosh,"nikhil_siddhartha, lavanya_tripathi, vennela_kishore, satya"
428,Keshava,2017,Sudheer Varma,"nikhil_siddhartha, Ritu Varma, satya, vennela_kishore"
429,18 Pages,2022,Palnati Surya Pratap,"nikhil_siddhartha, anupama_parameswaran, posani_krishna_murali"
430,Appudo Ippudo Eppudo,2024,Sudheer Varma,"nikhil_siddhartha, Rukmini Vasanth, satya"
431,Karthikeya 2,2022,Chandoo Mondeti,"nikhil_siddhartha, anupama_parameswaran, satya, srinivasa_reddy"
432,Ekkadiki Pothavu Chinnavada,2016,Vi Anand,"nikhil_siddhartha, Hebah Patel, satya, vennela_kishore"
433,Disco,2012,Hari K. Chanduri,"nikhil_siddhartha, Sara Sharmaa, ms_narayana, ali, Prudhviraj"
434,Surya vs Surya,2015,Karthik Gattamneni,"nikhil_siddhartha, Tridha Choudhury, Viva Harsha, satya, Praveen"
435,Aalasyam Amrutam,2010,Chandra Mahesh,"nikhil_siddhartha, Madalasa Sharma, ali, dharmavarapu_subramanyam, ms_narayana"
436,Prema Kavali,2011,K. Vijaya Bhaskar,"aadi_pudipeddi, Isha Chawla, Bramhanandam, ali, Shafi"
437,Lovely,2012,B. Jaya,"aadi_pudipeddi, Shanvi Srivastava, vennela_kishore, "
438,Sukumarudu,2013,G. Ashok,"aadi_pudipeddi, Nisha Aggarwal,brahmanandham"
439,Pyar Mein Padipoyane,2014,Ravikumar Chavali,"aadi_pudipeddi, Shanvi Srivastava, vennela_kishore, Prudhviraj"
440,Galipatam,2014,Naveen Gandhi,"aadi_pudipeddi, Kristina Akheeva, Erica Fernandes, Chammak Chandra"
441,Chuttalabbai,2016,Veerabhadram Chowdary,"aadi_pudipeddi, Namitha Pramod, Prudhviraj, ali, posani_krishna_murali"
442,Next Nuvve,2017,Prabhakar Podakandla,"aadi_pudipeddi, Vaibhavi, Jaya Prakash Reddy, Getup Srinu"
443,Operation Gold Fish,2019,Sai Kiran Adivi,"aadi_pudipeddi, Nithya Naresh"
444,Atithi Devo Bhava,2022,Polimera Nageshawar,"aadi_pudipeddi, Nuveksha, sapthagiri"
445,Tees Maar Khan,2022,Kalyanji Gogana,"aadi_pudipeddi, Payal Rajput, sunil"
446,Jodi,2019,Vishwanath Arigella,"aadi_pudipeddi, Shraddha Srinath, vennela_kishore, Sathya"
447,Sashi,2021,Srinivas Naidu Nadikatla,"aadi_pudipeddi, Surbhi, vennela_kishore"
448,Crazy Fellow,2022,Phani krishna Siriki,"aadi_pudipeddi, Digangana Suryavanshi, Mirnaa Menon, sapthagiri"
449,Thanu Nenu,2015,Ram Mohan P.,"santosh_sobhan, Avika Gor"
450,Paper Boy,2018,V. Jayashankarr,"santosh_sobhan, Riya Suman, posani_krishna_murali"
451,Ek Mini Katha,2021,Karthik Rapolu,"santosh_sobhan, Avika Gor"
452,Manchi Rojulochaie,2021,Maruthi,"santosh_sobhan, mehreen_pirzada, vennela_kishore"
453,"Like, Share & Subscribe",2022,Merlapaka Gandhi,"santosh_sobhan, Faria Abdullah, sapthagiri"
454,Kalyanam Kamaneeyam,2023,Anil Kumar Aalla,"santosh_sobhan, Priya Bhavani Shankar, satyam_rajesh, sapthagiri"
455,Sridevi Shoban Babu,2023,Prasanth Kumar Dimmala,"santosh_sobhan, Gouri G. Kishan"
456,Anni Manchi Sakunamule,2023,B. V. Nandini Reddy,"santosh_sobhan, Malvika Nair, vennela_kishore, rajendra_prasad, Rao Ramesh"
457,Prem Kumar,2023,Abhishek Maharshi,"santosh_sobhan, Rashi Singh"
458,Jai,2004,Teja,"navdeep_pallapolu, Santhoshi, Dhanraj, Chammak Chandra"
459,Modati Cinema,2005,Kuchipudi Venkat,"navdeep_pallapolu, Poonam Bajwa,brahmanandham, ali, sunil, Dharmavarapu Subrahmanyam"
460,Gowtam SSC,2005,P.A. Arun Prasad,"navdeep_pallapolu, Santhoshi, Dhanraj, Chammak Chandra"
461,Seethakoka Chiluka,2006,A. R. Rajaraja,"navdeep_pallapolu, Sheela, ali, prudhvi_raj"
462,Chandamama,2007,Krishna Vamsi,"navdeep_pallapolu, kajal_aggarwal, shiva_balaji, Sindhu Menon"
463,Yagam,2010,P. A. Arun Prasad,"navdeep_pallapolu, Bhumika Chawla, ali,brahmanandham"
464,Mugguru,2011,V. N. Aditya,"navdeep_pallapolu, Reemma Sen, Shraddha Das,brahmanandham, ali, dharmavarapu_subramanyam"
465,Mythri,2012,Surya Raju,"navdeep_pallapolu, Sadha, Bramhanandam, satyam_rajesh"
466,Bangaru Kodipetta,2014,Raj Pippalla,"navdeep_pallapolu, Swati Reddy, santosh_sobhan"
467,Ice Cream,2014,Ram Gopal Varma,"navdeep_pallapolu, Tejaswi Madivada"
468,Love Mouli,2024,Avaneendra,"navdeep_pallapolu, Pankhuri Gidwani, Charvi Dutta"
469,Manasu Maata Vinadhu,2005,V. N. Aditya,"navdeep_pallapolu, Ankitha, venu_madhav, dharmavarapu_subramanyam"
470,Idi Maa Ashokgadi Love Story,2003,Suresh krishna,"shiva_balaji, Kanchi Kaul"
471,Dost,2004,Muppalaneni Shiva,"shiva_balaji, Neha Bamb, ali,brahmanandham, ms_narayana"
472,Chandamama,2007,Krishna Vamsi,"shiva_balaji, kajal_aggarwal, Navdeep, Sindhu Menon"
473,Kumkuma,2005,Jyothindranath Vemuri,"shiva_balaji, Seema"
474,krishna and His Leela,2020,RaviKanth Perepu,"siddhartha_jonnalagadda, Shraddha Srinath, Seerat Kapoor, Viva Harsha"
475,Maa Vintha Gaadha Vinuma,2020,Adithya Mandala,"siddhartha_jonnalagadda, Seerat Kapoor, Viva Harsha"
476,DJ Tillu,2022,Vimal krishna,"siddhartha_jonnalagadda, Neha Shetty, brahmaji"
477,Tillu Square,2024,Mallik Ram,"siddhartha_jonnalagadda, anupama_parameswaran, Neha Shetty"
478,Happy Days,2007,Sekhar Kammula,"varun_sandesh, tamannaah_bhatia, Nikhil Siddarth"
479,Kotha Bangaru Lokam,2008,srikanth Addala,"varun_sandesh, Shweta Basu Prasad, prakash_raj"
480,Kurradu,2009,Sandeep Gunnam,"varun_sandesh, Neha Sharma, ali, ms_narayana"
481,Happy Happy Ga,2010,Priya Sharan,"varun_sandesh, Saranya Mohan, sapthagiri, ali, ms_narayana"
482,Priyudu,2011,Shravan,"varun_sandesh, Preetika, kota_srinivasa_rao, vennela_kishore, ali"
483,Abbai Class Ammai Mass,2013,Koneti Srinu,"varun_sandesh, Hariprriya, ali, vennela_kishore"
484,Nuvvala Nenila,2014,Trinadha Rao Nakkina,"varun_sandesh, Poorna, Dhanraj, vennela_kishore"
485,Induvadana,2022,M. Srinivas Raju,"varun_sandesh, Farnaz Shetty, raghu_babu, ali"
486,Nindha,2024,Rajesh Jagannadham,"varun_sandesh, Tanikella Bharani"
487,Chammak Challo,2013,G. Neelakanta Reddy,"varun_sandesh, Sanchita Padukone, vennela_kishore, raghu_babu, satya"
488,Maro Charita,2010,Ravi Yadav,"varun_sandesh, Anita Galler, Shraddha Das, kota_srinivasa_rao"
489,Priyathama Neevachata Kusalama,2013,Trinadha Rao Nakkina,"varun_sandesh,  Komal Jha, Rao Ramesh"
490,Kudirithe Kappu Coffee,2011,Ramana Salva,"varun_sandesh, Suma Bhattacharya"
491,Andala Rakshasi,2012,Hanu Raghavapudi,"naveen_chandra, lavanya_tripathi, Rahul Ravindran"
492,Dalam,2013,B. Jeevan Reddy,"naveen_chandra, Piaa Bajpai"
493,Naa Rakumarudu,2014,T satya,"naveen_chandra, Ritu Varma, ms_narayana"
494,Lacchimdeviki O Lekkundi,2016,Jagadish Talasila,"naveen_chandra, lavanya_tripathi, Jaya Prakash Reddy"
495,Meelo Evaru Koteswarudu,2016,E. Satti Babu,"naveen_chandra, Shruti Sodhi, Prudhviraj, Jaya Prakash Reddy, Posani Murali krishna, raghu_babu"
496,Juliet Lover of Idiot,2017,Ajay Vodhirala,"naveen_chandra, nivetha_thomas, ali"
497,Bhanumathi & Ramakrishna,2020,srikanth Nagothi,"naveen_chandra, Salony Luthra, Viva Harsha"
498,#Bro,2021,Karthik Thupurani,"naveen_chandra, Avika Gor"
499,Thaggedele,2022,Srinivas Raju,"naveen_chandra, Divya Pillai"
500,Month of Madhu,2023,srikanth Nagothi,"naveen_chandra, Swathi Reddy, Harsha Chemudu"
501,Kalidasu,2008,G. Ravicharan Reddy,"sushanth_anumolu, tamannaah_bhatia, sunil, Ajay"
502,Current,2009,Palnati Surya Pratap,"sushanth_anumolu, Sneha Ullal, raghu_babu,brahmanandham, vennela_kishore, Tanikella Bharani"
503,Adda,2013,G. S. Karthik Reddy,"sushanth_anumolu, Shanvi Srivastava, kota_srinivasa_rao, raghu_babu, Tanikella Bharani"
504,Aatadukundam Raa,2016,G. Nageswara Reddy,"sushanth_anumolu, Sonam Bajwa,brahmanandham, Posani Murali krishna, vennela_kishore, prudhvi_raj"
505,Chi La Sow,2018,Rahul Ravindran,"sushanth_anumolu, Ruhani Sharma, vennela_kishore"
506,Ichata Vahanamulu Niluparadu,2021,S. Darshan,"sushanth_anumolu, meenakshi_chaudhary, vennela_kishore, Priyadarshi"
507,Nee Kosam,1999,Srinu Vaitla,"ravi_teja, Maheswari, Bandla Ganesh, brahmaji"
508,Itlu Sravani Subramanyam,2001,Puri Jagannadh,"ravi_teja, Maheswari, Bandla Ganesh, brahmaji"
509,Avunu Valliddaru Ista Paddaru,2002,Vamsy,"ravi_teja, Kalyani, kota_srinivasa_rao, ms_narayana, Jaya Prakash Reddy"
510,Idiot,2002,Puri Jagannadh,"ravi_teja, Rakshita, prakash_raj, kota_srinivasa_rao, ali, srinivasa_reddy"
511,Khadgam,2002,Krishna Vamsi,"ravi_teja, srikanth, prakash_raj, Kim Sharma, Sangeetha, Shafi, Prudhviraj"
512,Amma Nanna O Tamila Ammayi,2003,Puri Jagannadh,"ravi_teja, Asin, jaya_sudha, prakash_raj, ali, ms_narayana, dharmavarapu_subramanyam"
513,Dongodu,2003,Bheemineni Srinivasarao,"ravi_teja, Kalyani, sunil,brahmanandham, ali, dharmavarapu_subramanyam"
514,Venky,2004,Srinu Vaitla,"ravi_teja, Sneha, srinivasa_reddy,brahmanandham"
515,Naa Autograph,2004,S. Gopal Reddy,"ravi_teja, Bhumika Chawla, Gopika, sunil"
516,Bhadra,2005,Boyapati Sreenu,"ravi_teja, Meera Jasmine, sunil, prakash_raj"
517,Shock,2006,Harish Shankar,"ravi_teja, Jyothika, Tabu,brahmanandham, kota_srinivasa_rao, Subbaraju"
518,Vikramarkudu,2006,S. S. Rajamouli,"ravi_teja, anushka_shetty,brahmanandham, Rajiv Kanakala"
519,Dubai Seenu,2007,Srinu Vaitla,"ravi_teja, nayanthara, brahmanandham, sunil, ms_narayana, Sayaji Shinde"
520,Kick,2009,Surender Reddy,"ravi_teja, Ileana D'Cruz,brahmanandham, ali, Jaya Prakash Reddy"
521,Krack,2021,gopichand Malineni,"ravi_teja, shruthi_hasaan, ali, Hyper Aadi"
522,Josh,2009,Vasu Varma,"naga_chaitanya_akkineni, Karthika,brahmanandham, sunil"
523,Ye maaya Chesaavey,2010,Gautham Menon,"naga_chaitanya_akkineni, samantha_ruth_prabhu"
524,100 % Love,2011,Sukumar,"naga_chaitanya_akkineni, tamannaah_bhatia, dharmavarapu_subramanyam, ms_narayana"
525,Dhada,2011,Ajay Bhuvan,"naga_chaitanya_akkineni, kajal_aggarwal,brahmanandham"
526,Manam,2014,Vikram K Kumar,"naga_chaitanya_akkineni, samantha_ruth_prabhu, Akkineni Nageswara Rao, nagarjuna_akkineni, shriya_saran, ali,brahmanandham"
527,Oka Laila Kosam,2014,vijay Kumar Konda,"naga_chaitanya_akkineni, pooja_hegde, ali"
528,Dohchay,2015,Sudheer Varma,"naga_chaitanya_akkineni, Kriti Sanon,brahmanandham, sapthagiri, Viva Harsha"
529,Premam,2016,Chandoo Mondeti,"naga_chaitanya_akkineni, shruthi_hasaan, anupama_parameswaran, Madonna Sebastian, srinivasa_reddy"
530,Rarandoi Veduka chuddham,2017,Kalyan krishna,"naga_chaitanya_akkineni, rakul_preeth_singh, vennela_kishore"
531,Majili,2019,Shiva Nirvana,"naga_chaitanya_akkineni, samantha_ruth_prabhu, Rao Ramesh, posani_krishna_murali, suhas"
532,Venky Mama,2019,K. S. Ravindra,"naga_chaitanya_akkineni, raashii_khanna, venkatesh_daggubaati, Payal Rajput, Hyper Aadi"
533,Bangarraju,2022,Kalyan krishna,"naga_chaitanya_akkineni, krithi_shetty, nagarjuna_akkineni, vennela_kishore"
534,Love Story,2021,Sekhar Kammula,"naga_chaitanya_akkineni, sai_pallavi, Rajeev Kanakala"
535,Thank You,2022,Vikram K Kumar,"naga_chaitanya_akkineni, raashii_khanna"
536,Custody,2023,Venkat Prabhu,"naga_chaitanya_akkineni, krithi_shetty, vennela_kishore"
537,Nuvvostanante Nenoddantana,2005,Prabhu deva,"siddharth, trisha_krishnan, Srihari, sunil, Jaya Prakash Reddy, raghu_babu, prakash_raj"
538,Chukkalo Chandrudu,2006,Siva Ananth,"siddharth, Sadha, Charmy, Akkineni Nageswara Rao, sunil"
539,Bommarillu,2006,Baskhar,"siddharth, Genelia, prakash_raj, sunil, kota_srinivasa_rao, dharmavarapu_subramanyam"
540,Aata,2007,V. N. Aditya,"siddharth, Ileana D'Cruz, sunil,brahmanandham"
541,Koncham Istam Koncham Kastam,2009,Kishore Kumar Pardasany,"siddharth, tamannaah_bhatia, venu_madhav, prakash_raj,brahmanandham"
542,Oye!,2009,Anand Ranga,"siddharth, Shamili, ali, sunil"
543,Anaganaga oka Dheerudu!,2011,K. Prakash,"siddharth, shruthi_hasaan, Lakshmi Manchu,  ali,brahmanandham"
544,Oh My friend,2011,Sri Ram Venu,"siddharth, Hansika Motwani, shruthi_hasaan, Navdeep"
545,Baava,2010,Rambabu,"siddharth, Pranitha, ali,brahmanandham"
546,Maha Samudhram,2021,Ajay Bhupathi,"siddharth, Aditi Rao Hydari, sharwanand, jagapathi_babu"
547,Something Something,2013,Sundar C.,"siddharth, Hansika Motwani,brahmanandham, venu_madhav"
548,Jigarthanda,2013,Karthik Subbaraj,"siddharth, Lakshmi Menon, Bobby Simha, Karunakaran"
549,Chinna,2022,S.U.Arun Kumar,"siddharth, Anjali nair"
550,Bhaarateeydu - 2,2024,Shankar,"siddharth, kajal_aggarwal, rakul_preeth_singh, Kamal Haasan"
551,Love Failure,2012,Balaji Mohan,"siddharth, Amala Paul, Ravi Raghavendra"
552,Kiss,2013,adivi_sesh,"adivi_sesh, Priya Banerjee, Shafi Moin"
553,Karma,2010,adivi_sesh,"adivi_sesh, Jade Tailor, Sher ali, Ramakrishna"
554,Kshanam,2016,Ravikanth Perepu,"adivi_sesh, Adah Sharma, vennela_kishore, satyam_rajesh "
555,Ami Thumi,2017,Mohan krishna Indraganti,"adivi_sesh, Eesha Rebba, vennela_kishore"
556,Goodachaari,2018,Sashi Kiran Thikka,"adivi_sesh, Sobhita Dhulipala, jagapathi_babu, prakash_raj, vennela_kishore"
557,Evaru,2019,Venkat Ramji,"adivi_sesh, regina_cassandra, naveen_chandra, Murali Sharma"
558,Major,2022,Sashi Kiran Thikka,"adivi_sesh, Saiee Manjrekar, prakash_raj"
559,Uyyala Jampala,2013,Virinchi Varma,"raj_tharun, Avika Gor, Punarnavi Bhupalam"
560,Cinema Choopistha Mava,2015,Trinadh Rao Nakkina,"raj_tharun, Avika Gor,brahmanandham, sapthagiri, satya, Rao Ramesh"
561,Kumari 21f,2015,Surya Prathap Palnati,"raj_tharun, Hebah Patel, Noel Sean, Sudharshan"
562,Eedo rakam Aado Rakam,2016,G. Nageswara Rao,"raj_tharun, Hebah Patel, Vishnu Manchu, Sonarika Bhadoria, posani_krishna_murali, vennela_kishore, rajendra_prasad"
563,Kittu Unnadu Jagratha,2017,Vamsi krishna,"raj_tharun, anu_emmanuel, vennela_kishore, Prudhviraj, raghu_babu"
564,Andahagadu,2017,Veligonda Srinivas,"raj_tharun, Hebah Patel, rajendra_prasad, satya, satyam_rajesh, Jaya Prakash Reddy"
565,Rangula Raatnam,2018,Sriranjini,"raj_tharun, Chitra Shukla, Priyadarshi"
566,Raju Gadu,2018,Sanjana Reddy,"raj_tharun, Amyra Dastur, Pujita Ponnada, rajendra_prasad, Rao Ramesh"
567,Lover,2018,Anish krishna,"raj_tharun, Riddhi Kumar, satyam_rajesh"
568,Iddari Lokam Okate,2019,G. R. krishna,"raj_tharun, Shalini Pandey, Nassar, prudhvi_raj"
569,Orey Bujjiga..!,2020,Vijay Kumar Konda,"raj_tharun, Malavika Nair, Hebah Patel, posani_krishna_murali, sapthagiri, satya"
570,Anubhavinchu Raja,2021,Sreenu Gavireddy,"raj_tharun, Kasish Khan, posani_krishna_murali"
571,Naa Saami Ranga,2024,Vijay Binni,"raj_tharun, Rukshar Dhillon, nagarjuna_akkineni, Ashika Ranganath, allari_naresh, Mirnaa Menon"
572,Purushothammudu,2024,Ram Bhimana,"raj_tharun, Hassini Sudhir,brahmanandham, satya"
573,Tiragabadara Saami,2024,A. S. Ravi Kumar Chowdary,"raj_tharun, Malvi Malhotra, Mannara Chopra, raghu_babu, prudhvi_raj"
574,Bhale Unnade,2024,J. Siva Sai Vardhan,"raj_tharun, Manisha Kandkur, Abhirami, Hyper Aadi"
575,Aame,1994,E. V. V. satyanarayana,"srikanth, Ooha, kota_srinivasa_rao,brahmanandham, Naresh"
576,Taj Mahal,1995,Muppalaneni Shiva,"srikanth, Monica Bedi,brahmanandham, babu_mohan, kota_srinivasa_rao"
577,Pelli Sandadi,1996,K. Raghavendra Rao,"srikanth, Ravali, Deepti Bhatnagar, babu_mohan,brahmanandham"
578,Vinodam,1996,S. V. krishna Reddy,"srikanth, Ravali, kota_srinivasa_rao,brahmanandham, babu_mohan, ali, prakash_raj"
579,Thaali,1997,E. V. V. satyanarayana,"srikanth, Swetha, Sneha, Swathi, rajendra_prasad, kota_srinivasa_rao,brahmanandham"
580,Egire Paavurama,1997,S. V. krishna Reddy,"srikanth, Laila, J. D. Chakravarthy, kota_srinivasa_rao,brahmanandham, babu_mohan"
581,Aahvanama,1997,S. V. krishna Reddy,"srikanth, ramya_krishnan, ali"
582,Taraka Ramudu,1997,R. V. Udayakumar,"srikanth, soundarya, kota_srinivasa_rao, babu_mohan"
583,Maa Nannaku Pelli,1997,E. V. V. satyanarayana,"srikanth, Simran, krishnam Raju, kota_srinivasa_rao"
584,Ooyala,1998,S. V. krishna Reddy,"srikanth, ramya_krishnan, Nassar,brahmanandham"
585,Pandaga,1998,Sarath,"srikanth, Raasi, Akkineni Nageswara Rao, babu_mohan, ms_narayana, venu_madhav"
586,Kanyadanam,1998,E. V. V. satyanarayana,"srikanth, Rachana, Upendra, Rajeev Kanakala,brahmanandham, kota_srinivasa_rao"
587,Khadgam,2004,Krishna Vamsi,"srikanth, Sonali Bendre, Kim Sharma, ravi_teja, Sangeetha, prakash_raj"
588,Radha Gopalam,2005,Bapu,"srikanth, Sneha,brahmanandham, sunil, dharmavarapu_subramanyam, venu_madhav"
589,Mahatma,2009,Krishna Vamsi,"srikanth, Bhavana,brahmanandham, Jaya Prakash Reddy"
590,Gudachari 116,1966,M. Mallikharjuna Rao,"krishna, Jayalalitha, Rajanala, Mukkamala"
591,Marapurani Katha,1967,V. Ramachandra Rao,"krishna, Vanisri, Chandra Mohan"
592,Ave Kallu,1967,A. C. Tirulokchandar,"krishna, Kanchana, Rajanala"
593,Lakshmi Nivasam,1968,V. Madhusudan Rao,"krishna, Anjali Devi, Vanisri, s_v_rangarao, Sobhan Babu"
594,Mosagallaki Mosagaadu,1971,K. S. R. Das,"krishna, vijaya_nirmala, Nagabhushanam, gummadi, Kaikala satyanarayana, M. Prabhakar Reddy, Dhulipala, Jyothi Lakshmi"
595,Illu Illalu,1972,T. Rama Rao,"krishna, Vanisri, gummadi, rajababu, krishnam_raju"
596,Meena,1973,vijaya_nirmala,"krishna, Varalakshmi S., vijaya_nirmala, Kongara Jaggaiah"
597,Devudu Chesina Manushulu,1973,V. Ramachandra Rao,"krishna, N. T. Rama Rao, Jayalalithaa, vijaya_nirmala, allu_ramalingaiah"
598,Alluri Seetharama Raju,1974,V. Ramachandra Rao,"krishna, vijaya_nirmala, Jaggayya, Allu Ramalingiah"
599,Simhasanam,1986,krishna,"krishna, jaya_prada, Radha, Mandakini, Amjad Khan"
600,Gudachari 117,1989,V. Madhusudan Rao,"krishna, bhanu_priya, mahesh_babu, gollapudi_maruthi_rao"
601,Santhi Nivasam,1986,Adurthi Subba Rao,"krishna, suhasini, Radhika Sarathkumar, satyanarayana Kaikala"
602,Pandanti Samsaram,2001,B. Narsing Rao,"krishna, Prithvi, Ravali, Charulatha, kota_srinivasa_rao"
603,Chandravamsam,2002,S. V. krishna Reddy,"krishna, Jayaprada, Suman, Naresh, Sivaji, Rohit, Radhika Varma, Rupa, Sridevi, Eepshitha, Saipriya"
604,Alludu Diddina Kapuram,1991,krishna,"krishna, Shobhana, mohan_babu, Saroja Devi, gollapudi_maruthi_rao"
605,Pedarayudu,1995,Ravi Raja Pinisetty,"mohan_babu, bhanu_priya, soundarya,brahmanandham, Rajinikanth, ms_narayana, babu_mohan"
606,Major Chandrakanth,1993,K. Raghavendra Rao,"mohan_babu, Sharada, ramya_krishnan, Nagma, N. T. Rama Rao,brahmanandham, babu_mohan"
607,Allari Mogudu,1992,K. Raghavendra Rao,"mohan_babu, bhanu_priya, soundarya,brahmanandham, Rajinikanth, ms_narayana, babu_mohan"
608,Assembly Rowdy,1991,B. Gopal,"mohan_babu, Divya Bharati,brahmanandham"
609,Tirugubatu,1985,Dasari Narayana Rao,"mohan_babu, Vijayashanti, krishnam Raju, jaya_sudha"
610,Alludugaru,1990,K. Raghavendra Rao,"mohan_babu, Shobana, ramya_krishnan"
611,Raayudu,1998,Ravi Raja Pinisetty,"mohan_babu, Rachana, soundarya,brahmanandham, kota_srinivasa_rao, babu_mohan"
612,Yamajathakudu,1999,N. Shankar,"mohan_babu, Sakshi Shivanand, rajendra_prasad,brahmanandham, ms_narayana"
613,Sri Ramulayya,1999,N. Shankar,"mohan_babu, soundarya, Nandamuri Harikrishna, kota_srinivasa_rao, Srihari, Jayaprakash Reddy"
614,Rayalaseema Ramanna Chowdary,2000,Suresh krishna,"mohan_babu, jaya_sudha, Priya Gill, Jaya Prakash Reddy,brahmanandham"
615,Collector Garu,1997,B. Gopal,"mohan_babu, Sakshi Shivanand, babu_mohan,brahmanandham, kota_srinivasa_rao"
616,Adavilo Anna,1997,B. Gopal,"mohan_babu, Roja,brahmanandham, manchu_manoj"
617,Veedevadandi Babu,1997,E.V.V. satyanarayana,"mohan_babu, Shilpa Shetty,brahmanandham, Tanikella Bharani, kota_srinivasa_rao"
618,Soggadi Pellam,1996,Muthyala Subbaiah,"mohan_babu, ramya_krishnan,brahmanandham, Tanikella Bharani, satyanarayana"
619,Adirindi Alludu,1996,E.V.V. satyanarayana,"mohan_babu, ramya_krishnan,brahmanandham"
620,Allari,2002,Ravi Babu,"allari_naresh, Shweta Agarwal, kota_srinivasa_rao"
621,Danger,2005,Krishna Vamsi,"allari_naresh, Swathi,brahmanandham, Shafi"
622,Party,2006,Ravi Babu,"allari_naresh, Madhu Sharma, Shashank,brahmanandham"
623,Kithakithalu,2006,E. V. V. satyanarayana,"allari_naresh, Geetha Singh, Jaya Prakash Reddy, dharmavarapu_subramanyam, ms_narayana"
624,Athili Sattibabu LKG,2006,E. V. V. satyanarayana,"allari_naresh, Vidisha,brahmanandham, sunil, ali, dharmavarapu_subramanyam, venu_madhav"
625,Seema Sasthri,2007,G. Nageswara Reddy,"allari_naresh, Farjana, Jaya Prakash Reddy, ali, ms_narayana,brahmanandham, dharmavarapu_subramanyam"
626,Sundara Kanda,2008,Bapu,"allari_naresh, Charmi, kota_srinivasa_rao"
627,Gamyam,2008,Krish Jagarlamudi,"allari_naresh, Kamalinee Mukherjee, sharwanand,brahmanandham"
628,Blade Babji,2008,Devi Prasad,"allari_naresh, Sayali Bhagat, venu_madhav,brahmanandham,  dharmavarapu_subramanyam"
629,Bendu Apparao R.M.P,2009,E. V. V. satyanarayana,"allari_naresh, Kamna Jethmalani, krishna Bhagavaan, dharmavarapu_subramanyam"
630,Shambo Siva Shambo,2010,Samuthrakani,"allari_naresh, ravi_teja, shiva_balaji, Priyamani"
631,Kathi Kantha Rao,2010,E. V. V. satyanarayana,"allari_naresh, Kamna Jethmalani, kota_srinivasa_rao, dharmavarapu_subramanyam, ali, venu_madhav"
632,Sudigaadu,2012,Bheemineni Srinivasarao,"allari_naresh, Monal Gajjar,brahmanandham, ali, ms_narayana, raghu_babu"
633,James Bond,2015,Sai Kumar Matcha,"allari_naresh, Sakshi Chaudhary, posani_krishna_murali, raghu_babu, sapthagiri"
634,Naandhi,2021,Vijay Kanakamedala,"allari_naresh, Varalaxmi Sarathkumar, Priyadarshi"
635,Oohalu Gusagusalade,2014,Avasarala Srinivas,"naga_shaurya, raashii_khanna, Avasarala Srinivas, Rao Ramesh, Surya, Hema, posani_krishna_murali"
636,Dikkulu Choodaku Ramayya,2014,Trikoti,"naga_shaurya, Ajay, Sana Makhbul, Indraja, brahmaji, ali"
637,Lakshmi raavey maa intiki,2014,Nandhyala Ravi,"naga_shaurya, Avika Gor, Rao Ramesh, Naresh, satyam_rajesh, vennela_kishore"
638,Kalyana Vaibhogame,2016,Nandhini Reddy,"naga_shaurya, Malavika Nair, Thagubothu Ramesh"
639,Jyo Achuthanandha,2016,Avasarala Srinivas,"naga_shaurya, regina_cassandra, nara_rohit, Tanikella Bharani"
640,Oh! Baby,2019,Nandhini Reddy,"naga_shaurya, samantha_ruth_prabhu, rajendra_prasad, Lakshmi, teja_sajja"
641,Chalo,2018,Venky Kudumula,"naga_shaurya, rashmika_mandanna, Viva Harsha, satya, vennela_kishore"
642,Kanam,2018,A.L.Vijay,"naga_shaurya, sai_pallavi, Priyadarshi"
643,Ammammagarillu,2018,Sundar Surya,"naga_shaurya, Shamili, posani_krishna_murali, Sumithra, Rao Ramesh"
644,Nartanasala,2018,Srinivas Chakravarthi,"naga_shaurya, Kashmira Pardeshi, Jaya Prakash Reddy"
645,Ashwathama,2020,Ramana Teja,"naga_shaurya, mehreen_pirzada, Jisshu Sengupta, satya"
646,Varudu Kaavalenu,2021,Lakshmi Soujanya,"naga_shaurya, Ritu Varma, vennela_kishore, sapthagiri"
647,krishna Vrinda Vihari,2022,Anish krishna,"naga_shaurya, Shirley Setia, satya, vennela_kishore, rahul_ramakrishna"
648,Nee Jathaleka,2016,Lawerence Dasari,"naga_shaurya, Parul Gulati, Sarayu"
649,Rangabali,2023,Pawan Basamsetti,"naga_shaurya, Yukti Thareja, satya"
650,Prema Katha,1999,Ram Gopal Varma,"sumanth, Antara Mali"
651,satyam,2003,Surya Kiran,"sumanth, Genelia D'Souza, kota_srinivasa_rao, Bramhanandam, Tanikella Bharani"
652,Mahanandi,2005,V. Samudra,"sumanth, anushka_shetty, kota_srinivasa_rao"
653,Godavari,2006,Sekhar Kammula,"sumanth, Kamalinee Mukherjee"
654,Golconda High School,2011,Mohan krishna Indraganti,"sumanth, Swati Reddy, Tanikella Bharani, Subbaraju, Shafi"
655,Malli Raava,2017,Gowtam Tinnanuri,"sumanth, Aakanksha Singh, Abhinav Gomatam"
656,Subrahmanyapuram,2018,Santhossh Jagarlapudi,"sumanth, Eesha Rebba, Sai Kumar"
657,Idam Jagath,2018,Anil Srikantam,"sumanth, Anju Kurian, satya"
658,Pourudu,2008,Raj Aditya,"sumanth, kajal_aggarwal,brahmanandham, ali, Subbaraju, Nassar, kota_srinivasa_rao"
659,Madhumasam,2007,Chandra siddhartha,"sumanth, Sneha, Dharmavarapu Subrahmanyam"
660,Gowri,2004,B. V. Ramana,"sumanth, Charmy Kaur, sharwanand"
661,Ramma Chilakamma,2001,Tammareddy Bharadwaja,"sumanth, Laya,brahmanandham"
662,Daggaraga Dooranga,2011,Ravikumar Chavali,"sumanth, Vedhika,brahmanandham, raghu_babu, satyam_rajesh"
663,Emo Gurram Egaravachu,2014,Chandra siddhartha,"sumanth, Sawika Chaiyadech"
664,Kapatadhaari,2021,Pradeep krishnamoorthy,"sumanth, Nandita Swetha, vennela_kishore"
665,Donga Dongadi,2004,Subramaniam Siva,"manchu_manoj, Sadha, sunil, Rajiv Kanakala"
666,Prayanam,2009,Chandra Sekhar Yeleti,"manchu_manoj, Harika,brahmanandham"
667,Bindaas,2010,Veeru Potla,"manchu_manoj, Sheena Shahbadi, vennela_kishore, sunil,brahmanandham, ms_narayana, Jaya Prakash Reddy"
668,Vedam,2010,Krish Jagarlamudi,"manchu_manoj, anushka_shetty, Manoj Manchu, Deeksha Seth"
669,Potugadu,2013,Pavan Wadeyar,"manchu_manoj, Sakshi Chaudhary, Posani Krisna Murali, satyam_rajesh"
670,Current Theega,2014,G. Nageswara Reddy,"manchu_manoj, rakul_preeth_singh, jagapathi_babu, vennela_kishore, Sunny Leone, raghu_babu, Tanikella Bharani"
671,Shourya,2016,K. Dasaradh,"manchu_manoj, regina_cassandra,brahmanandham, prakash_raj"
672,Gunturodu,2017,S. K. satya,"manchu_manoj, Pragya Jaiswal, satya, kota_srinivasa_rao, rajendra_prasad"
673,Mr. Nookayya,2012,Ani Kanneganti,"manchu_manoj, Kriti Kharbanda,brahmanandham, vennela_kishore, sapthagiri"
674,Sri,2005,Dasarath,"manchu_manoj, tamannaah_bhatia, sunil,brahmanandham, satyam_rajesh, Jaya Prakash Reddy"
675,Jhummandi Naadam,2010,K. Raghavendra Rao,"manchu_manoj, Taapsee Pannu, mohan_babu,brahmanandham, ms_narayana, ali"
676,Oka 'V' Chitram,2006,Teja,"aadhi_pinisetty, Madhu Shalini, krishna Bhagavaan"
677,Gundello Godari,2013,Kumar Nagendra,"aadhi_pinisetty, Taapsee Pannu, Lakshmi Manchu, sundeep_kishan, Ravi Babu, Dhanraj"
678,Malupu,2015,Sathya prabhas Pinisetty,"aadhi_pinisetty, Nikki Galrani, Nassar"
679,Neevevaro,2018,Hari Nath,"aadhi_pinisetty, Taapsee Pannu, Ritika Singh, vennela_kishore, sapthagiri, Viva Harsha"
680,Clap,2022,Prithivi Adithya,"aadhi_pinisetty, Aakanksha Singh, Nassar, prakash_raj"
681,Sneha Geetham,2010,Madhura Sreedhar Reddy,"sundeep_kishan, Suhani Kalita,vennela_kishore"
682,Venkatadri Express,2013,Merlapaka Gandhi,"sundeep_kishan, rakul_preeth_singh, sapthagiri, ms_narayana, Prudhviraj, Thagubothu Ramesh, satya"
683,D for Dopidi,2013,Siraj Kalla,"sundeep_kishan, Melanie Kannokada, varun_sandesh, Naveen Polishetty, Tanikella Bharani"
684,Ra Ra... krishnayya,2014,mahesh_babu Pachigolla,"sundeep_kishan, regina_cassandra, jagapathi_babu, satyam_rajesh"
685,Beeruva,2015,Kanmani,"sundeep_kishan, Surbhi, Naresh, sapthagiri, shakalaka_shankar, Venu Yeldandi"
686,C/O Surya,2017,Suseenthiran,"sundeep_kishan, mehreen_pirzada, Vikranth, satya"
687,Manasuku Nachindi,2018,Manjula Ghattamaneni,"sundeep_kishan, Amyra Dastur, Tridha Choudhary, Priyadarshi"
688,A1 Express,2021,Dennis Jeevan Kanukolanu,"sundeep_kishan, lavanya_tripathi, satya, Priyadarshi, rahul_ramakrishna"
689,Michael,2023,Ranjit Jeyakodi,"sundeep_kishan, Divyansha Kaushik, Vijay Sethupathi, varun_sandesh"
690,Ooru Peru Bhairavakona,2024,Vi Anand,"sundeep_kishan, Varsha Bollamma, Kavya Thapar, vennela_kishore, Viva Harsha"
691,Gully Rowdy,2021,G. Nageswara Reddy,"sundeep_kishan, Neha Shetty, vennela_kishore, Viva Harsha, rajendra_prasad, shakalaka_shankar"
692,Tenali Ramakrishna BA. BL,2019,G. Nageswara Reddy,"sundeep_kishan, Hansika Motwani, vennela_kishore, sapthagiri, posani_krishna_murali"
693,Okka Ammayi Thappa,2016,Rajasimha Tadinada,"sundeep_kishan, nitya_menen, ali, Prudhviraj, Tanikella Bharani, sapthagiri"
694,Prematho Mee Karthik,2017,Rishi,"karthikeya_gummikonda, Simrat Kaur, Prudhviraj, Venu Yeldandi"
695,RX 100,2018,Ajay Bhupathi,"karthikeya_gummikonda, Payal Rajput, Rao Ramesh"
696,Hippi,2019,krishna,"karthikeya_gummikonda, Digangana Suryavanshi, vennela_kishore"
697,90ML,2019,Sekhar Reddy Yerra,"karthikeya_gummikonda, Neha Solanki, Rao Ramesh, ali"
698,Chaavu Kaburu Challaga,2021,Pegallapati Koushik,"karthikeya_gummikonda, lavanya_tripathi"
699,Bedurulanka 2012,2023,Clax,"karthikeya_gummikonda, Neha Shetty, vennela_kishore, satya, Getup Srinu"
700,Bhaje Vaayu Vegam,2024,Prashanth Reddy,"karthikeya_gummikonda, Iswarya Menon"
701,Raja Vikramarka,2021,Sri Saripalli,"karthikeya_gummikonda, Tanya Ravichandran"
702,Aravinda Sametha Veera Raghava,2018,Trivikram Srinivas,"jr_ntr, pooja_hegde, Eesha Rebba, jagapathi_babu, sunil"
703,RRR,2022,S. S. Rajamouli,"jr_ntr, ram_charan, alia Bhatt, Olivia Morris, Ajay Devgn"
704,Temper,2015,Puri Jagannadh,"jr_ntr, kajal_aggarwal, prakash_raj, posani_krishna_murali"
705,Janatha Garage,2016,Koratala Siva,"jr_ntr, Mohanlal, samantha_ruth_prabhu, nitya_menen"
706,Baadshah,2013,Sreenu Vaitla,"jr_ntr, kajal_aggarwal, Navdeep,brahmanandham"
707,Adhurs,2010,V. V. Vinayak,"jr_ntr, nayanthara, brahmanandham, ms_narayana, raghu_babu"
708,Brindavanam,2010,Vamshi Paidipally,"jr_ntr, kajal_aggarwal, samantha_ruth_prabhu_ruth_prabhu, prakash_raj,brahmanandham, venu_madhav"
709,Oosaravelli,2011,Surender Reddy,"jr_ntr, tamannaah_bhatia, prakash_raj, raghu_babu"
710,Shakti,2011,Meher Ramesh,"jr_ntr, Ileana D'Cruz, ali, krishna_bhagavan"
711,Rabhasa,2014,Santosh Srinivas,"jr_ntr, samantha_ruth_prabhu, Pranitha Subhash,brahmanandham"
712,Nannaku Prematho,2016,Sukumar,"jr_ntr, rakul_preeth_singh, rajendra_prasad, jagapathi_babu, Rajeev Kanakala"
713,Aadi,2001,V.V. Vinayak,"jr_ntr, Keerthi Chawla, Rajeev Kanakala, raghu_babu"
714,Simhadri,2003,S. S. Rajamouli,"jr_ntr, Ankita, Bhumika Chawla,brahmanandham, venu_madhav"
715,Yamadonga,2007,S. S. Rajamouli,"jr_ntr, Priyamani, ali, mohan_babu,brahmanandham"
716,Student No.1,2001,S. S. Rajamouli,"jr_ntr, shriya_saran, kota_srinivasa_rao, Rajeev Kanakala"
717,Ashta chamma,2008,Indraganti Mohan krishna,"nani, Swathi, Avasarala Srinivas, vasu_inturi, Jhanshi"
718,Ala Modalindhi,2011,B. V. Nandhini Reddy,"nani, nitya_menen, Sneha Ullal, Rohini "
719,Eega,2012,S. S. Rajamouli,"nani, samantha_ruth_prabhu, Kichcha Sudeep"
720,Bhale Bhale Magadivoy,2015,Maruthi,"nani, lavanya_tripathi, Praveen, vennela_kishore, Srinivasa rao, Murali Sharma"
721,krishna Gaadi Veera Prema Gaadha,2016,Hanu Raghavapudi,"nani, Mehareen, brahmaji, satyam_rajesh"
722,Gentleman,2016,Indraganti Mohan krishna,"nani, Urabhi, nivetha_thomas, Avasarala Srinivas, vennela_kishore, Tanikella Bharani"
723,Majnu,2016,Virinchi Varma,"nani, Anu Emmanual, satya, vennela_kishore, posani_krishna_murali"
724,Nenu Local,2017,Trinadh Rao Nakkina,"nani, keerthy_suresh, Naveen Chadra, Rao Ramesh, posani_krishna_murali"
725,MCA,2017,Sri Ram Venu,"nani, sai_pallavi, Bhoomika, Rajeev Kanakala, vennela_kishore, Priyadarshi"
726,krishnarjuna Yuddham,2018,Merlapaka Gandhi,"nani, anupama_parameswaran, brahmaji, Hari Teja"
727,Jersey,2019,Gowtam Tinnanuri,"nani, Shardah Srinath, Praveen, brahmaji, satyaraj"
728,"nani, Gang Leader",2019,Vikram K Kumar,"nani, priyanka_arul_mohan, Karthikeya, Lakshmi"
729,V,2020,Indraganti Mohan krishna,"nani, sudheer_babu, regina_cassandra, vennela_kishore"
730,Shyam Singa Roy,2021,Rahul Sankrithyan,"nani, Krity Setty, sai_pallavi, Rahul Ravindran, Abhinav Gomatham"
731,Ante Sundariniki,2022,Vivek Athreya,"nani, Nazriya Fahad, Naresh, Nadhiya, Harsha Vardhan"
732,Hi Nanna,2023,Shouryav,"nani, mrunal_takur, Jayaram, Kiara Khanna, Tanikella Bharani, Nasaar"